track_id,genre,danceability,energy,valence,acousticness,speechiness,tempo,loudness,duration_min,popularity,hit
T1000,R&B,0.479,0.649,0.67,0.258,0.126,98.5,-5.96,2.18,44.5,0
T1001,Acoustic,0.394,0.332,0.314,0.689,0.053,113.3,-9.67,3.54,30.8,0
T1002,Hip-Hop,0.778,0.573,0.513,0.159,0.149,105.2,-7.7,3.26,62.9,0
T1003,Hip-Hop,0.736,0.595,0.488,0.02,0.183,110.6,-4.69,3.03,69.1,0
T1004,Hip-Hop,0.761,0.718,0.378,0.411,0.235,98.0,-6.77,3.06,79.6,1
T1005,Rock,0.582,0.826,0.421,0.118,0.02,121.1,-6.41,3.8,68.1,0
T1006,Rock,0.542,0.865,0.711,0.172,0.078,126.4,-5.28,4.28,75.0,1
T1007,EDM,0.826,0.682,0.595,0.127,0.182,144.3,-2.31,3.42,79.2,1
T1008,R&B,0.699,0.486,0.655,0.097,0.089,96.3,-8.35,3.54,80.2,1
T1009,Pop,0.569,0.724,0.304,0.309,0.146,101.2,-5.75,4.14,74.0,1
T1010,Rock,0.547,0.778,0.729,0.02,0.066,126.3,-12.03,3.5,57.1,0
T1011,Acoustic,0.556,0.388,0.615,0.923,0.02,101.0,-9.19,4.11,16.5,0
T1012,EDM,0.703,0.929,0.271,0.096,0.037,125.6,-1.67,2.63,82.6,1
T1013,Acoustic,0.551,0.178,0.535,0.84,0.1,139.8,-7.41,3.17,25.0,0
T1014,Pop,0.58,0.403,0.548,0.293,0.057,116.9,-4.22,3.9,67.8,0
T1015,R&B,0.677,0.477,0.454,0.471,0.133,125.2,-11.57,3.04,52.3,0
T1016,Acoustic,0.43,0.339,0.567,0.739,0.035,106.8,-6.47,2.86,25.3,0
T1017,Hip-Hop,0.732,0.412,0.571,0.111,0.211,109.5,-8.22,2.0,46.0,0
T1018,Hip-Hop,0.99,0.706,0.572,0.02,0.17,88.4,-6.19,3.2,77.9,1
T1019,Pop,0.789,0.839,0.511,0.323,0.02,133.3,-5.61,4.08,90.9,1
T1020,R&B,0.64,0.443,0.597,0.322,0.156,108.1,-6.81,3.81,51.7,0
T1021,R&B,0.66,0.698,0.349,0.262,0.044,100.5,-6.06,3.75,55.6,0
T1022,R&B,0.707,0.504,0.616,0.038,0.138,107.7,-13.05,3.78,63.5,0
T1023,R&B,0.717,0.631,0.623,0.049,0.164,103.3,-8.62,3.36,59.5,0
T1024,Acoustic,0.527,0.195,0.27,0.841,0.022,96.4,-10.37,3.42,7.2,0
T1025,Hip-Hop,0.794,0.581,0.788,0.02,0.249,91.2,-4.53,2.4,61.4,0
T1026,Acoustic,0.381,0.643,0.572,0.798,0.026,111.5,-12.69,3.19,32.9,0
T1027,Acoustic,0.531,0.248,0.404,0.764,0.02,110.1,-11.44,3.76,16.0,0
T1028,R&B,0.578,0.582,0.179,0.252,0.02,91.1,-7.73,3.67,62.6,0
T1029,R&B,0.636,0.446,0.519,0.488,0.178,109.0,-7.78,3.05,45.0,0
T1030,Rock,0.417,0.758,0.643,0.128,0.085,127.6,-9.11,3.32,40.1,0
T1031,Hip-Hop,0.917,0.455,0.43,0.094,0.142,69.3,-6.36,3.72,83.2,1
T1032,R&B,0.598,0.706,0.315,0.185,0.087,103.4,-7.35,3.97,34.9,0
T1033,Rock,0.643,0.99,0.705,0.308,0.046,98.3,-6.64,4.39,68.3,0
T1034,Pop,0.695,0.478,0.393,0.02,0.042,92.7,-5.19,2.64,89.5,1
T1035,Hip-Hop,0.889,0.59,0.595,0.114,0.209,84.8,-5.98,2.66,81.0,1
T1036,Hip-Hop,0.829,0.797,0.49,0.268,0.338,102.8,-5.37,3.07,79.3,1
T1037,Hip-Hop,0.824,0.591,0.372,0.089,0.184,105.1,-2.04,2.34,68.0,0
T1038,R&B,0.501,0.321,0.597,0.337,0.073,90.1,-5.36,3.98,47.6,0
T1039,Pop,0.673,0.771,0.3,0.268,0.051,129.9,-4.39,3.23,73.5,1
T1040,Acoustic,0.293,0.195,0.508,0.906,0.082,100.6,-7.47,4.3,14.1,0
T1041,Hip-Hop,0.763,0.658,0.723,0.159,0.236,94.0,-6.85,2.59,85.9,1
T1042,Acoustic,0.562,0.274,0.457,0.85,0.02,133.4,-9.35,2.73,5.4,0
T1043,Rock,0.248,0.843,0.665,0.186,0.02,111.6,-7.05,3.3,52.4,0
T1044,Rock,0.279,0.844,0.362,0.118,0.078,113.2,-7.19,4.01,74.8,1
T1045,Hip-Hop,0.839,0.762,0.557,0.258,0.18,98.0,-7.17,3.41,76.8,1
T1046,Hip-Hop,0.899,0.569,0.751,0.089,0.216,108.7,-3.74,1.63,97.8,1
T1047,Pop,0.911,0.39,0.02,0.221,0.047,123.2,-4.45,3.7,76.9,1
T1048,EDM,0.727,0.725,0.337,0.213,0.04,129.1,-5.54,3.26,84.8,1
T1049,Rock,0.431,0.638,0.853,0.118,0.02,116.1,-4.23,3.75,74.6,1
T1050,EDM,0.754,0.7,0.321,0.02,0.092,127.6,-1.57,4.61,52.8,0
T1051,Hip-Hop,0.916,0.766,0.375,0.389,0.19,106.7,-5.63,2.49,65.4,0
T1052,R&B,0.723,0.663,0.606,0.279,0.089,76.7,-7.74,3.17,82.4,1
T1053,R&B,0.777,0.504,0.418,0.314,0.07,102.7,-7.49,3.66,64.2,0
T1054,Hip-Hop,0.832,0.507,0.375,0.141,0.219,93.4,-3.61,3.52,70.3,1
T1055,EDM,0.764,0.99,0.39,0.02,0.123,126.8,-3.33,3.73,89.4,1
T1056,Pop,0.727,0.781,0.482,0.195,0.107,109.7,-3.41,2.45,67.0,0
T1057,Hip-Hop,0.91,0.648,0.729,0.033,0.207,111.9,-6.64,4.18,79.1,1
T1058,Pop,0.727,0.657,0.473,0.078,0.086,110.6,-5.08,2.14,62.0,0
T1059,Rock,0.397,0.688,0.526,0.02,0.02,126.4,-5.97,3.14,67.6,0
T1060,EDM,0.679,0.971,0.789,0.043,0.091,123.8,-2.89,5.2,92.9,1
T1061,Hip-Hop,0.837,0.641,0.507,0.143,0.184,86.7,-6.67,3.76,82.1,1
T1062,Hip-Hop,0.853,0.671,0.728,0.277,0.231,67.7,-4.2,4.15,62.0,0
T1063,Pop,0.669,0.743,0.639,0.154,0.033,118.0,-6.53,3.41,97.1,1
T1064,EDM,0.764,0.945,0.575,0.02,0.055,145.1,-6.26,3.24,78.2,1
T1065,Hip-Hop,0.792,0.543,0.615,0.071,0.128,104.3,-9.52,4.01,57.2,0
T1066,Pop,0.85,0.873,0.274,0.334,0.02,108.6,-4.03,2.39,62.2,0
T1067,Rock,0.71,0.668,0.639,0.24,0.02,121.3,-5.89,3.72,68.0,0
T1068,R&B,0.458,0.54,0.354,0.175,0.115,102.6,-9.47,3.26,30.8,0
T1069,Pop,0.767,0.324,0.252,0.152,0.119,126.3,-5.56,3.46,77.6,1
T1070,Pop,0.683,0.631,0.604,0.05,0.02,118.4,-4.7,3.21,88.8,1
T1071,EDM,0.763,0.716,0.477,0.188,0.061,123.2,-5.93,3.14,62.0,0
T1072,EDM,0.823,0.889,0.444,0.07,0.069,139.4,-1.97,4.77,95.7,1
T1073,Pop,0.709,0.745,0.562,0.02,0.02,124.5,-5.87,3.07,94.9,1
T1074,EDM,0.735,0.866,0.378,0.228,0.085,121.0,-3.16,4.67,82.0,1
T1075,Acoustic,0.646,0.213,0.456,0.928,0.093,103.0,-9.27,3.59,7.0,0
T1076,EDM,0.785,0.759,0.534,0.02,0.037,131.0,-2.2,3.39,91.9,1
T1077,Hip-Hop,0.825,0.865,0.522,0.077,0.26,101.8,-7.26,3.16,79.7,1
T1078,Hip-Hop,0.965,0.602,0.4,0.082,0.247,103.8,-7.34,2.35,59.0,0
T1079,Rock,0.572,0.845,0.489,0.178,0.028,140.7,-3.06,4.44,61.6,0
T1080,Rock,0.399,0.842,0.597,0.022,0.044,133.2,-7.55,3.76,58.4,0
T1081,Pop,0.767,0.857,0.14,0.092,0.053,130.9,-1.0,3.13,96.4,1
T1082,Pop,0.624,0.672,0.586,0.02,0.02,111.0,-6.04,4.49,73.7,1
T1083,EDM,0.735,0.884,0.294,0.02,0.02,119.4,-6.02,3.45,73.2,1
T1084,EDM,0.719,0.679,0.462,0.154,0.11,134.4,-4.74,3.55,84.9,1
T1085,Pop,0.807,0.585,0.394,0.106,0.185,109.6,-5.58,3.1,74.0,1
T1086,Hip-Hop,0.86,0.47,0.622,0.248,0.237,95.7,-4.75,3.74,100.0,1
T1087,Rock,0.37,0.737,0.636,0.286,0.12,136.2,-5.55,3.75,51.2,0
T1088,EDM,0.534,0.835,0.387,0.091,0.16,108.4,-0.4,3.09,87.2,1
T1089,Rock,0.381,0.452,0.359,0.094,0.072,127.8,-5.97,3.43,48.5,0
T1090,R&B,0.688,0.427,0.671,0.22,0.052,110.7,-7.3,4.51,60.9,0
T1091,Pop,0.922,0.602,0.481,0.044,0.061,104.6,-8.42,3.91,58.2,0
T1092,Pop,0.598,0.778,0.635,0.218,0.109,139.7,-4.97,4.26,79.0,1
T1093,Acoustic,0.408,0.181,0.728,0.625,0.068,101.9,-8.75,3.37,26.9,0
T1094,Rock,0.586,0.99,0.527,0.071,0.1,117.0,-4.97,2.37,50.9,0
T1095,Hip-Hop,0.792,0.445,0.285,0.298,0.252,108.3,-5.19,3.48,68.8,0
T1096,Hip-Hop,0.823,0.477,0.336,0.02,0.24,120.3,-8.64,2.61,48.9,0
T1097,Pop,0.87,0.838,0.652,0.157,0.045,141.1,-6.53,3.69,81.8,1
T1098,R&B,0.774,0.509,0.467,0.331,0.117,123.3,-7.62,2.99,63.9,0
T1099,Hip-Hop,0.566,0.596,0.648,0.131,0.186,107.1,-2.43,3.22,75.7,1
T1100,Rock,0.515,0.593,0.671,0.247,0.02,133.0,-5.42,4.59,60.6,0
T1101,EDM,0.644,0.898,0.795,0.02,0.051,137.1,-4.23,3.28,71.7,1
T1102,R&B,0.686,0.329,0.492,0.266,0.19,101.0,-7.7,3.57,38.7,0
T1103,Rock,0.677,0.954,0.633,0.374,0.02,141.9,-8.16,4.47,71.3,1
T1104,Hip-Hop,0.748,0.577,0.806,0.238,0.276,105.5,-7.29,3.5,84.9,1
T1105,Pop,0.733,0.665,0.48,0.15,0.081,100.1,-6.47,3.68,89.5,1
T1106,Pop,0.827,0.625,0.518,0.224,0.059,119.5,-4.02,3.22,100.0,1
T1107,R&B,0.63,0.464,0.342,0.371,0.106,97.8,-0.6,4.02,69.0,0
T1108,Pop,0.703,0.73,0.495,0.238,0.108,132.1,-9.36,3.28,73.9,1
T1109,Rock,0.554,0.73,0.494,0.125,0.02,128.1,-9.23,4.42,70.3,1
T1110,Hip-Hop,0.787,0.732,0.766,0.083,0.178,103.3,-8.01,1.5,58.3,0
T1111,Acoustic,0.484,0.31,0.396,0.887,0.026,110.8,-11.67,4.08,9.1,0
T1112,EDM,0.725,0.641,0.228,0.228,0.047,137.1,-4.88,3.8,66.0,0
T1113,Pop,0.655,0.747,0.389,0.271,0.097,118.7,-3.54,3.14,76.4,1
T1114,Pop,0.812,0.639,0.605,0.163,0.041,131.5,-7.76,4.92,58.0,0
T1115,Hip-Hop,0.974,0.769,0.533,0.07,0.202,87.4,-5.98,2.76,81.7,1
T1116,EDM,0.844,0.988,0.282,0.104,0.03,151.6,-4.17,3.51,80.0,1
T1117,Pop,0.703,0.578,0.499,0.121,0.055,107.0,-6.26,1.98,91.1,1
T1118,Pop,0.662,0.607,0.732,0.177,0.163,119.5,-3.53,2.09,80.5,1
T1119,Rock,0.43,0.69,0.308,0.055,0.035,135.6,-2.46,3.17,53.6,0
T1120,Rock,0.502,0.885,0.263,0.172,0.06,132.9,-5.76,4.62,61.7,0
T1121,Acoustic,0.565,0.364,0.405,0.712,0.02,114.1,-8.33,2.86,13.6,0
T1122,Acoustic,0.449,0.385,0.42,0.842,0.126,113.3,-10.72,4.38,19.9,0
T1123,Hip-Hop,0.835,0.504,0.196,0.168,0.194,106.2,-4.57,3.22,79.6,1
T1124,Pop,0.611,0.58,0.537,0.224,0.06,135.7,-1.56,3.87,66.8,0
T1125,R&B,0.89,0.672,0.363,0.625,0.079,131.4,-7.61,4.39,57.0,0
T1126,R&B,0.605,0.519,0.44,0.432,0.211,81.1,-8.24,3.4,66.2,0
T1127,EDM,0.702,0.99,0.483,0.199,0.02,125.6,-4.83,3.01,65.5,0
T1128,R&B,0.821,0.52,0.68,0.367,0.087,94.4,-9.86,2.71,50.1,0
T1129,Hip-Hop,0.844,0.66,0.359,0.02,0.384,98.3,-3.06,3.0,75.9,1
T1130,R&B,0.896,0.544,0.264,0.27,0.059,102.9,-7.59,4.53,25.5,0
T1131,Pop,0.789,0.744,0.494,0.247,0.049,109.3,-6.06,4.74,83.8,1
T1132,Rock,0.393,0.963,0.558,0.239,0.115,117.3,-1.16,3.25,76.7,1
T1133,Acoustic,0.441,0.355,0.335,0.99,0.041,111.4,-9.45,2.35,13.6,0
T1134,Hip-Hop,0.726,0.808,0.612,0.065,0.16,81.2,-7.82,2.25,80.8,1
T1135,Pop,0.625,0.534,0.601,0.025,0.112,124.4,-1.79,2.69,85.0,1
T1136,Hip-Hop,0.75,0.599,0.6,0.123,0.18,121.4,-6.47,3.6,65.7,0
T1137,Hip-Hop,0.747,0.645,0.582,0.152,0.248,117.1,-5.15,3.67,63.9,0
T1138,Rock,0.603,0.891,0.535,0.066,0.076,113.8,-10.29,2.43,47.5,0
T1139,Pop,0.893,0.526,0.708,0.189,0.02,105.2,-4.65,3.47,92.5,1
T1140,R&B,0.458,0.873,0.438,0.309,0.02,121.1,-8.21,2.87,66.4,0
T1141,Pop,0.755,0.71,0.614,0.02,0.034,111.3,-6.86,4.42,91.7,1
T1142,Acoustic,0.702,0.385,0.644,0.913,0.063,113.3,-7.94,5.12,30.2,0
T1143,Pop,0.702,0.556,0.515,0.039,0.136,114.9,-6.62,3.53,71.6,1
T1144,Hip-Hop,0.841,0.601,0.441,0.102,0.238,90.0,-2.22,3.28,100.0,1
T1145,Acoustic,0.736,0.082,0.512,0.966,0.02,107.4,-9.1,4.44,4.2,0
T1146,EDM,0.64,0.863,0.578,0.02,0.144,123.0,-3.34,3.81,79.7,1
T1147,Rock,0.614,0.911,0.472,0.199,0.02,118.7,-9.25,3.89,48.7,0
T1148,Hip-Hop,0.883,0.555,0.656,0.02,0.224,105.7,-7.25,2.17,62.8,0
T1149,EDM,0.764,0.835,0.463,0.02,0.02,121.3,-4.88,4.23,72.8,1
T1150,Acoustic,0.46,0.673,0.259,0.88,0.061,118.6,-10.79,3.65,21.7,0
T1151,R&B,0.629,0.26,0.239,0.206,0.072,108.1,-9.31,3.5,33.9,0
T1152,Rock,0.589,0.946,0.33,0.02,0.024,106.4,-6.87,4.14,80.6,1
T1153,Acoustic,0.594,0.145,0.394,0.74,0.02,132.8,-6.76,2.76,16.0,0
T1154,Hip-Hop,0.672,0.637,0.306,0.02,0.184,106.1,-5.55,3.57,91.8,1
T1155,Acoustic,0.346,0.433,0.112,0.84,0.044,119.4,-12.84,3.22,19.1,0
T1156,R&B,0.799,0.542,0.534,0.377,0.132,91.7,-4.82,3.3,63.4,0
T1157,Pop,0.739,0.792,0.6,0.305,0.064,121.6,-3.43,4.21,79.2,1
T1158,Hip-Hop,0.688,0.908,0.502,0.307,0.185,104.4,-5.43,2.49,52.7,0
T1159,Pop,0.746,0.553,0.467,0.226,0.02,125.8,-5.47,3.57,78.2,1
T1160,Hip-Hop,0.714,0.755,0.554,0.02,0.24,103.1,-7.7,3.45,74.5,1
T1161,Hip-Hop,0.755,0.691,0.526,0.238,0.202,99.0,-4.55,3.34,93.2,1
T1162,Rock,0.583,0.795,0.55,0.031,0.12,128.2,-7.04,4.64,48.4,0
T1163,Acoustic,0.361,0.337,0.447,0.901,0.02,126.1,-10.25,3.05,0.0,0
T1164,Pop,0.863,0.58,0.74,0.324,0.02,112.1,-6.58,3.29,73.8,1
T1165,Pop,0.683,0.886,0.633,0.205,0.02,121.1,-10.2,2.98,72.9,1
T1166,Acoustic,0.712,0.138,0.736,0.812,0.02,133.0,-9.31,4.1,23.7,0
T1167,Rock,0.619,0.761,0.396,0.104,0.02,116.5,-6.02,4.47,58.1,0
T1168,Rock,0.621,0.776,0.43,0.02,0.107,123.2,-2.68,3.86,84.0,1
T1169,Hip-Hop,0.981,0.774,0.528,0.02,0.213,104.0,-6.54,3.2,88.2,1
T1170,Pop,0.954,0.788,0.375,0.072,0.049,102.3,-3.79,3.34,84.5,1
T1171,Rock,0.574,0.863,0.582,0.02,0.02,134.1,-4.58,4.74,66.1,0
T1172,Hip-Hop,0.93,0.633,0.502,0.277,0.235,107.7,-9.19,3.17,75.5,1
T1173,EDM,0.742,0.866,0.728,0.02,0.053,127.9,-1.52,3.16,100.0,1
T1174,Pop,0.65,0.814,0.345,0.228,0.07,118.9,-4.8,2.87,90.6,1
T1175,Pop,0.662,0.573,0.546,0.023,0.02,107.2,-6.49,3.23,69.9,0
T1176,R&B,0.708,0.446,0.309,0.062,0.129,113.5,-8.36,2.9,51.0,0
T1177,EDM,0.776,0.854,0.611,0.02,0.092,136.9,-4.27,4.78,71.7,1
T1178,Hip-Hop,0.702,0.843,0.486,0.02,0.168,77.8,-9.07,2.91,80.7,1
T1179,Acoustic,0.306,0.399,0.529,0.99,0.02,129.5,-10.23,4.58,10.6,0
T1180,Pop,0.762,0.629,0.735,0.055,0.039,96.1,-8.71,3.05,77.9,1
T1181,Hip-Hop,0.775,0.648,0.227,0.116,0.216,110.6,-6.53,3.67,75.0,1
T1182,Pop,0.791,0.657,0.535,0.02,0.086,113.1,-4.86,3.84,94.0,1
T1183,Pop,0.664,0.611,0.436,0.365,0.036,119.8,-8.55,3.78,69.5,0
T1184,Acoustic,0.511,0.331,0.486,0.964,0.076,104.2,-12.16,2.83,6.6,0
T1185,EDM,0.822,0.866,0.369,0.045,0.02,124.5,-4.83,2.97,90.0,1
T1186,Rock,0.577,0.667,0.808,0.165,0.029,115.7,-6.64,3.92,67.0,0
T1187,Hip-Hop,0.939,0.538,0.556,0.109,0.393,74.1,-6.22,2.71,74.2,1
T1188,Rock,0.555,0.733,0.492,0.235,0.076,127.1,-3.58,4.0,60.3,0
T1189,Acoustic,0.501,0.252,0.469,0.767,0.023,105.8,-13.47,3.23,2.7,0
T1190,Hip-Hop,0.859,0.606,0.392,0.037,0.221,94.3,-4.6,2.76,83.0,1
T1191,Rock,0.361,0.705,0.338,0.058,0.02,118.5,-3.21,3.66,39.9,0
T1192,Acoustic,0.198,0.621,0.453,0.721,0.034,132.4,-11.43,3.69,0.0,0
T1193,Acoustic,0.445,0.313,0.719,0.864,0.028,133.5,-15.16,3.69,17.0,0
T1194,Rock,0.63,0.686,0.424,0.02,0.072,124.2,-5.42,3.55,80.5,1
T1195,Pop,0.63,0.75,0.611,0.122,0.142,105.3,-4.68,2.98,81.7,1
T1196,Rock,0.481,0.816,0.627,0.062,0.02,108.8,-6.34,3.01,64.0,0
T1197,Pop,0.679,0.709,0.536,0.145,0.121,123.4,-5.2,2.43,77.4,1
T1198,EDM,0.673,0.876,0.438,0.075,0.028,117.9,-2.3,3.91,81.6,1
T1199,Hip-Hop,0.624,0.687,0.768,0.02,0.235,106.5,-5.26,3.41,100.0,1
T1200,Rock,0.355,0.855,0.396,0.02,0.068,127.0,-3.97,4.12,68.2,0
T1201,Hip-Hop,0.837,0.888,0.687,0.17,0.268,110.6,-5.75,3.14,89.8,1
T1202,Hip-Hop,0.79,0.849,0.603,0.061,0.28,102.6,-6.7,2.61,91.6,1
T1203,Hip-Hop,0.781,0.749,0.49,0.122,0.186,112.5,-4.48,2.89,87.4,1
T1204,R&B,0.693,0.406,0.482,0.128,0.192,100.0,-8.13,3.22,43.8,0
T1205,Rock,0.673,0.966,0.45,0.136,0.057,115.1,-6.94,3.36,83.7,1
T1206,Pop,0.678,0.692,0.37,0.183,0.069,121.3,-3.18,2.79,60.6,0
T1207,EDM,0.699,0.706,0.53,0.237,0.029,132.8,-1.64,3.61,87.5,1
T1208,Hip-Hop,0.99,0.633,0.277,0.083,0.248,98.4,-7.12,2.44,61.1,0
T1209,EDM,0.748,0.832,0.617,0.022,0.02,118.3,-1.22,3.59,90.7,1
T1210,Pop,0.784,0.53,0.541,0.224,0.044,139.6,-5.5,3.14,79.4,1
T1211,R&B,0.425,0.457,0.372,0.267,0.098,118.0,-5.36,4.35,72.7,1
T1212,EDM,0.721,0.99,0.199,0.257,0.02,116.2,-2.45,3.74,93.1,1
T1213,Acoustic,0.497,0.262,0.345,0.651,0.027,95.9,-6.9,3.39,41.4,0
T1214,Pop,0.691,0.541,0.566,0.305,0.112,105.0,-4.53,3.55,77.1,1
T1215,Hip-Hop,0.912,0.603,0.602,0.094,0.181,91.8,-9.63,2.78,83.0,1
T1216,R&B,0.633,0.787,0.566,0.18,0.112,113.4,-7.65,4.03,63.0,0
T1217,Hip-Hop,0.863,0.636,0.69,0.211,0.255,103.5,-9.89,3.21,73.5,1
T1218,Acoustic,0.624,0.212,0.417,0.912,0.094,123.0,-14.51,4.26,23.7,0
T1219,Pop,0.719,0.788,0.844,0.02,0.05,111.2,-4.57,4.0,99.6,1
T1220,R&B,0.726,0.56,0.47,0.075,0.046,107.0,-6.79,3.9,59.3,0
T1221,Rock,0.421,0.634,0.47,0.1,0.111,102.8,-4.07,3.77,58.8,0
T1222,EDM,0.702,0.527,0.399,0.075,0.055,133.6,-2.18,3.64,77.3,1
T1223,Hip-Hop,0.874,0.447,0.382,0.02,0.312,78.9,-4.63,3.72,64.4,0
T1224,Pop,0.703,0.393,0.24,0.194,0.106,123.8,-4.36,2.29,69.0,0
T1225,Hip-Hop,0.813,0.657,0.426,0.02,0.213,91.0,-6.08,3.68,86.3,1
T1226,Pop,0.956,0.724,0.676,0.254,0.02,103.4,-4.89,3.65,82.5,1
T1227,Pop,0.69,0.655,0.179,0.156,0.093,122.7,-8.79,4.94,60.1,0
T1228,R&B,0.755,0.403,0.384,0.22,0.112,105.0,-6.4,2.69,40.0,0
T1229,Acoustic,0.516,0.299,0.539,0.892,0.158,93.0,-13.28,3.29,15.5,0
T1230,Rock,0.361,0.654,0.605,0.02,0.059,129.2,-4.06,4.56,61.7,0
T1231,Hip-Hop,0.87,0.614,0.492,0.02,0.27,121.1,-9.45,3.38,88.8,1
T1232,EDM,0.591,0.709,0.718,0.028,0.03,125.3,-4.11,3.88,71.1,1
T1233,R&B,0.691,0.563,0.441,0.224,0.083,83.0,-8.06,3.92,61.4,0
T1234,Rock,0.358,0.617,0.518,0.02,0.105,126.1,-2.15,3.85,47.1,0
T1235,Rock,0.461,0.718,0.646,0.088,0.041,123.1,-4.02,3.2,72.8,1
T1236,Acoustic,0.512,0.329,0.607,0.929,0.025,99.1,-16.54,4.25,4.5,0
T1237,R&B,0.544,0.573,0.341,0.129,0.075,100.2,-8.1,4.0,49.1,0
T1238,R&B,0.482,0.452,0.363,0.161,0.088,117.2,-7.61,4.45,53.1,0
T1239,Acoustic,0.51,0.449,0.34,0.847,0.02,113.9,-10.72,3.52,21.6,0
T1240,EDM,0.743,0.814,0.377,0.238,0.02,141.9,-3.75,3.94,86.1,1
T1241,Rock,0.525,0.672,0.54,0.162,0.02,110.7,-6.89,4.11,73.6,1
T1242,EDM,0.615,0.763,0.616,0.1,0.147,128.9,-0.32,2.48,78.2,1
T1243,Pop,0.62,0.842,0.19,0.203,0.144,120.4,-4.05,3.91,79.0,1
T1244,Hip-Hop,0.903,0.545,0.19,0.083,0.177,102.9,-8.2,3.4,66.3,0
T1245,Hip-Hop,0.817,0.454,0.92,0.264,0.213,79.5,-6.34,3.27,63.7,0
T1246,Acoustic,0.31,0.515,0.431,0.839,0.02,108.6,-8.18,2.94,32.4,0
T1247,R&B,0.641,0.496,0.251,0.205,0.175,112.4,-6.35,2.91,39.5,0
T1248,R&B,0.658,0.6,0.616,0.231,0.125,75.1,-4.16,3.24,66.1,0
T1249,EDM,0.591,0.795,0.306,0.02,0.02,120.5,-2.99,4.18,65.3,0
T1250,Rock,0.365,0.771,0.771,0.02,0.095,105.6,-5.49,3.96,63.8,0
T1251,Pop,0.641,0.533,0.43,0.084,0.02,128.5,-3.55,3.04,67.0,0
T1252,Acoustic,0.567,0.393,0.459,0.653,0.083,125.4,-11.04,4.67,16.5,0
T1253,EDM,0.638,0.976,0.563,0.02,0.058,106.9,-1.42,3.58,68.9,0
T1254,Rock,0.429,0.661,0.457,0.03,0.02,114.2,0.0,4.5,50.3,0
T1255,Rock,0.539,0.774,0.707,0.02,0.046,145.8,-5.51,3.93,58.7,0
T1256,Hip-Hop,0.896,0.821,0.47,0.377,0.182,80.1,-6.58,3.69,81.2,1
T1257,Hip-Hop,0.99,0.575,0.384,0.099,0.24,102.0,-6.05,3.39,81.9,1
T1258,Rock,0.564,0.874,0.558,0.104,0.037,163.2,-7.57,3.7,39.8,0
T1259,R&B,0.634,0.434,0.739,0.183,0.076,110.2,-7.49,3.56,64.6,0
T1260,R&B,0.425,0.526,0.314,0.374,0.045,100.5,-9.76,3.16,44.6,0
T1261,Pop,0.484,0.59,0.548,0.02,0.034,120.6,-4.33,2.18,77.7,1
T1262,Hip-Hop,0.99,0.668,0.468,0.224,0.262,89.6,-5.84,3.49,82.0,1
T1263,Rock,0.499,0.947,0.223,0.046,0.04,108.2,-4.45,4.28,64.5,0
T1264,Acoustic,0.433,0.323,0.637,0.666,0.024,107.9,-12.07,4.29,26.0,0
T1265,R&B,0.778,0.341,0.493,0.348,0.034,119.5,-4.67,3.76,46.1,0
T1266,Hip-Hop,0.83,0.45,0.455,0.227,0.21,88.7,-3.74,3.14,80.2,1
T1267,Pop,0.623,0.711,0.437,0.101,0.086,118.5,-4.16,3.86,87.1,1
T1268,Rock,0.477,0.933,0.57,0.086,0.103,127.7,-7.23,4.32,72.8,1
T1269,Rock,0.558,0.707,0.564,0.197,0.078,114.8,-6.51,4.98,76.6,1
T1270,Hip-Hop,0.554,0.517,0.672,0.091,0.247,91.0,-7.77,4.2,58.5,0
T1271,Pop,0.625,0.873,0.404,0.11,0.206,127.0,-1.85,3.1,75.7,1
T1272,Pop,0.684,0.606,0.742,0.096,0.035,116.4,-6.59,3.87,100.0,1
T1273,Acoustic,0.321,0.389,0.592,0.839,0.044,119.2,-10.99,3.32,19.1,0
T1274,EDM,0.823,0.699,0.275,0.123,0.129,125.5,-8.68,2.09,38.4,0
T1275,R&B,0.572,0.618,0.389,0.096,0.107,99.2,-6.47,4.39,47.1,0
T1276,Acoustic,0.532,0.438,0.374,0.716,0.07,87.6,-8.79,3.72,0.0,0
T1277,R&B,0.745,0.53,0.518,0.237,0.108,103.8,-5.05,3.75,70.5,1
T1278,Hip-Hop,0.83,0.632,0.288,0.148,0.205,83.3,-8.12,3.1,58.4,0
T1279,Acoustic,0.348,0.274,0.323,0.866,0.045,96.3,-10.86,3.31,0.0,0
T1280,R&B,0.669,0.479,0.531,0.232,0.054,124.4,-8.19,3.41,42.0,0
T1281,Acoustic,0.538,0.318,0.445,0.836,0.037,100.1,-7.35,3.93,11.7,0
T1282,R&B,0.721,0.648,0.633,0.222,0.054,109.4,-11.54,3.45,41.6,0
T1283,EDM,0.81,0.99,0.613,0.111,0.025,124.5,-4.37,4.23,99.2,1
T1284,Pop,0.853,0.924,0.56,0.24,0.02,123.0,-7.15,3.75,81.3,1
T1285,Hip-Hop,0.869,0.777,0.489,0.073,0.196,88.7,-3.75,2.94,76.3,1
T1286,Pop,0.791,0.76,0.498,0.15,0.175,114.1,-4.87,2.81,88.3,1
T1287,R&B,0.703,0.46,0.684,0.286,0.118,105.2,-4.55,3.15,62.2,0
T1288,Pop,0.647,0.704,0.73,0.267,0.116,105.7,-6.33,4.15,73.5,1
T1289,Acoustic,0.507,0.352,0.395,0.833,0.023,100.2,-8.73,3.52,18.3,0
T1290,Hip-Hop,0.771,0.527,0.297,0.206,0.202,100.8,-10.25,2.46,60.5,0
T1291,R&B,0.73,0.703,0.106,0.36,0.134,100.5,-9.41,4.12,60.1,0
T1292,Pop,0.746,0.737,0.502,0.02,0.144,90.7,-5.99,3.77,96.9,1
T1293,R&B,0.85,0.764,0.258,0.262,0.074,129.1,-3.61,3.94,71.6,1
T1294,EDM,0.784,0.77,0.698,0.205,0.021,118.0,-4.38,4.03,71.9,1
T1295,Rock,0.48,0.96,0.426,0.02,0.045,134.6,-5.63,3.62,63.3,0
T1296,EDM,0.325,0.694,0.375,0.02,0.058,125.7,-2.33,4.6,53.8,0
T1297,R&B,0.736,0.518,0.52,0.253,0.044,104.9,-5.34,3.03,58.5,0
T1298,R&B,0.642,0.465,0.343,0.136,0.083,110.1,-8.82,3.53,67.0,0
T1299,EDM,0.694,0.7,0.468,0.07,0.086,114.9,-5.57,3.97,71.8,1
T1300,Hip-Hop,0.803,0.671,0.475,0.156,0.234,99.6,-6.21,3.43,75.9,1
T1301,Hip-Hop,0.99,0.417,0.33,0.042,0.304,114.2,-5.38,2.84,80.0,1
T1302,Acoustic,0.609,0.274,0.438,0.851,0.02,110.0,-9.77,4.25,20.4,0
T1303,R&B,0.687,0.532,0.428,0.31,0.151,120.9,-8.67,3.32,45.6,0
T1304,Hip-Hop,0.8,0.723,0.64,0.339,0.271,108.7,-7.3,2.34,71.6,1
T1305,Hip-Hop,0.825,0.65,0.506,0.268,0.257,109.2,-7.81,3.86,51.1,0
T1306,Acoustic,0.387,0.283,0.063,0.669,0.03,101.4,-8.87,4.18,23.4,0
T1307,Rock,0.241,0.876,0.732,0.268,0.024,120.6,-6.72,4.31,51.9,0
T1308,EDM,0.68,0.756,0.352,0.02,0.047,129.8,-3.31,3.69,66.4,0
T1309,Hip-Hop,0.79,0.65,0.455,0.075,0.182,87.1,-5.47,2.86,79.2,1
T1310,Hip-Hop,0.952,0.517,0.412,0.033,0.326,96.2,-4.84,4.42,70.9,1
T1311,R&B,0.715,0.536,0.194,0.148,0.174,111.5,-6.87,3.11,44.8,0
T1312,Hip-Hop,0.751,0.761,0.825,0.127,0.239,92.3,-9.11,3.98,86.5,1
T1313,EDM,0.679,0.813,0.276,0.202,0.02,110.5,-4.52,5.02,58.9,0
T1314,R&B,0.583,0.421,0.365,0.309,0.074,104.5,-7.06,4.0,61.1,0
T1315,EDM,0.827,0.782,0.279,0.138,0.053,121.8,-4.67,3.8,92.9,1
T1316,EDM,0.766,0.99,0.225,0.065,0.063,112.5,-5.09,5.08,79.3,1
T1317,EDM,0.649,0.954,0.549,0.181,0.04,123.0,-3.5,4.44,85.9,1
T1318,Pop,0.693,0.703,0.5,0.02,0.17,123.7,-4.33,4.05,80.0,1
T1319,Rock,0.694,0.645,0.475,0.197,0.131,150.3,-1.42,5.35,73.3,1
T1320,Rock,0.457,0.784,0.361,0.02,0.053,102.3,-3.87,3.22,47.7,0
T1321,R&B,0.761,0.492,0.362,0.331,0.02,122.1,-7.19,3.13,63.3,0
T1322,EDM,0.774,0.915,0.669,0.127,0.028,123.2,-4.17,3.46,95.8,1
T1323,EDM,0.547,0.853,0.872,0.14,0.041,117.3,-5.88,3.82,78.2,1
T1324,EDM,0.646,0.74,0.324,0.042,0.116,145.3,-1.42,4.03,78.3,1
T1325,Acoustic,0.588,0.442,0.352,0.684,0.074,118.7,-10.05,4.05,16.9,0
T1326,Pop,0.668,0.666,0.595,0.085,0.02,111.5,-5.19,2.07,95.6,1
T1327,Acoustic,0.459,0.328,0.611,0.873,0.02,108.6,-9.36,4.48,2.7,0
T1328,Pop,0.831,0.92,0.88,0.213,0.058,119.9,-4.97,3.95,93.5,1
T1329,Pop,0.726,0.734,0.616,0.02,0.078,120.4,-4.12,3.18,81.1,1
T1330,Acoustic,0.717,0.18,0.717,0.858,0.041,110.6,-6.69,3.87,19.4,0
T1331,Rock,0.493,0.818,0.436,0.155,0.064,121.2,-3.77,5.25,68.6,0
T1332,Acoustic,0.451,0.497,0.165,0.839,0.046,108.8,-9.42,3.5,0.0,0
T1333,Rock,0.494,0.798,0.271,0.297,0.041,120.6,-7.34,5.41,30.6,0
T1334,Hip-Hop,0.99,0.71,0.705,0.192,0.224,109.1,-7.71,4.05,88.9,1
T1335,Rock,0.456,0.83,0.388,0.148,0.02,113.1,-3.91,4.07,65.1,0
T1336,Pop,0.747,0.581,0.319,0.253,0.039,127.2,-5.66,2.61,63.4,0
T1337,Pop,0.561,0.46,0.878,0.02,0.093,116.6,-5.79,3.52,81.5,1
T1338,EDM,0.395,0.881,0.483,0.298,0.099,139.0,-4.73,3.91,64.3,0
T1339,Hip-Hop,0.828,0.595,0.601,0.02,0.196,99.8,-7.51,3.69,62.3,0
T1340,Pop,0.579,0.643,0.45,0.13,0.143,131.4,-4.81,4.07,70.8,1
T1341,Hip-Hop,0.675,0.712,0.374,0.039,0.243,110.4,-6.18,3.76,74.4,1
T1342,Rock,0.594,0.676,0.676,0.02,0.039,114.5,-6.95,3.33,59.2,0
T1343,R&B,0.646,0.525,0.514,0.403,0.075,114.4,-6.89,3.33,60.8,0
T1344,R&B,0.654,0.569,0.386,0.272,0.02,113.1,-5.75,3.48,80.0,1
T1345,Rock,0.407,0.655,0.324,0.02,0.036,127.1,-4.73,4.0,61.5,0
T1346,Pop,0.668,0.745,0.851,0.158,0.038,121.2,-5.59,3.81,73.4,1
T1347,Rock,0.588,0.792,0.303,0.02,0.079,117.6,-6.75,3.99,73.6,1
T1348,Hip-Hop,0.717,0.582,0.575,0.292,0.167,122.9,-6.78,3.81,79.4,1
T1349,R&B,0.653,0.654,0.544,0.286,0.081,119.7,-7.1,3.98,45.4,0
T1350,Pop,0.675,0.782,0.594,0.328,0.11,108.0,-4.51,2.75,100.0,1
T1351,Hip-Hop,0.934,0.397,0.607,0.151,0.222,123.9,-5.0,3.64,76.0,1
T1352,Pop,0.821,0.637,0.492,0.02,0.039,94.6,-4.8,3.08,96.2,1
T1353,Rock,0.522,0.796,0.538,0.084,0.042,115.3,-3.98,4.67,81.9,1
T1354,Rock,0.369,0.552,0.491,0.047,0.02,108.2,-3.95,4.08,67.2,0
T1355,EDM,0.716,0.909,0.499,0.02,0.02,141.0,-3.92,3.9,75.0,1
T1356,Hip-Hop,0.819,0.613,0.574,0.062,0.213,109.6,-4.88,2.92,73.3,1
T1357,Rock,0.413,0.826,0.453,0.135,0.04,117.5,-4.24,2.9,51.1,0
T1358,Hip-Hop,0.842,0.642,0.198,0.059,0.154,86.9,-7.42,4.39,79.4,1
T1359,Pop,0.57,0.613,0.744,0.272,0.02,121.6,-6.6,3.39,72.0,1
T1360,EDM,0.639,0.99,0.357,0.042,0.077,126.7,-5.96,4.72,61.5,0
T1361,Rock,0.591,0.724,0.508,0.139,0.081,117.1,-5.63,3.85,96.3,1
T1362,R&B,0.623,0.555,0.725,0.11,0.133,92.1,-6.89,3.4,65.2,0
T1363,R&B,0.638,0.569,0.757,0.285,0.08,114.1,-8.45,4.65,55.2,0
T1364,Rock,0.453,0.668,0.429,0.06,0.118,136.3,-5.92,4.51,55.0,0
T1365,Rock,0.499,0.624,0.56,0.125,0.05,124.3,-5.57,4.16,75.7,1
T1366,Pop,0.678,0.633,0.311,0.162,0.113,132.7,-4.5,3.41,64.3,0
T1367,EDM,0.727,0.821,0.517,0.02,0.02,112.5,-6.66,4.3,85.4,1
T1368,Pop,0.795,0.704,0.477,0.241,0.064,115.9,-5.86,3.98,87.5,1
T1369,R&B,0.674,0.5,0.344,0.336,0.054,85.2,-8.96,3.22,50.0,0
T1370,Pop,0.914,0.639,0.53,0.159,0.066,125.5,-7.57,2.7,80.2,1
T1371,R&B,0.775,0.672,0.177,0.315,0.02,97.2,-4.85,4.84,56.8,0
T1372,R&B,0.571,0.65,0.393,0.095,0.091,127.3,-7.31,3.68,68.5,0
T1373,Rock,0.477,0.644,0.724,0.02,0.138,127.4,-7.74,3.89,57.3,0
T1374,Rock,0.558,0.781,0.491,0.02,0.115,120.8,-5.85,4.14,70.5,1
T1375,EDM,0.882,0.689,0.381,0.047,0.049,113.1,-2.47,4.65,85.8,1
T1376,R&B,0.717,0.582,0.661,0.376,0.071,117.7,-10.03,4.12,32.7,0
T1377,Acoustic,0.458,0.286,0.405,0.873,0.108,106.4,-5.96,3.27,18.5,0
T1378,Acoustic,0.303,0.306,0.57,0.849,0.02,103.5,-13.95,3.78,7.5,0
T1379,Pop,0.751,0.501,0.368,0.15,0.088,135.5,-1.91,2.0,90.8,1
T1380,Acoustic,0.47,0.151,0.644,0.842,0.096,102.7,-12.69,4.0,0.0,0
T1381,R&B,0.776,0.554,0.437,0.288,0.026,99.9,-5.63,4.12,62.2,0
T1382,Rock,0.518,0.731,0.443,0.206,0.025,126.8,-6.21,3.97,57.6,0
T1383,Rock,0.472,0.965,0.521,0.319,0.033,130.3,-5.58,4.66,67.5,0
T1384,EDM,0.713,0.983,0.274,0.045,0.149,134.7,-7.13,4.78,62.2,0
T1385,Hip-Hop,0.729,0.419,0.246,0.095,0.238,91.7,-6.71,2.57,49.3,0
T1386,R&B,0.586,0.494,0.314,0.313,0.033,100.6,-5.74,4.25,45.9,0
T1387,R&B,0.784,0.543,0.481,0.303,0.048,97.2,-7.81,3.14,70.0,1
T1388,Hip-Hop,0.926,0.698,0.471,0.02,0.099,93.6,-5.16,2.21,84.3,1
T1389,Rock,0.52,0.702,0.592,0.363,0.112,107.5,-6.6,4.55,46.8,0
T1390,Hip-Hop,0.885,0.483,0.674,0.02,0.264,103.3,-6.89,2.8,86.7,1
T1391,Rock,0.629,0.792,0.607,0.02,0.133,119.8,-5.18,4.57,56.1,0
T1392,R&B,0.467,0.686,0.519,0.335,0.142,118.5,-8.13,3.6,65.3,0
T1393,Hip-Hop,0.826,0.635,0.708,0.127,0.246,97.2,-4.31,2.67,68.8,0
T1394,R&B,0.467,0.513,0.692,0.105,0.066,114.7,-4.14,4.3,80.2,1
T1395,EDM,0.719,0.885,0.247,0.197,0.02,123.5,-0.64,4.3,66.9,0
T1396,Pop,0.559,0.588,0.362,0.138,0.061,100.0,-3.73,3.38,62.7,0
T1397,Acoustic,0.387,0.337,0.272,0.709,0.027,103.9,-13.58,4.78,16.3,0
T1398,Acoustic,0.405,0.343,0.3,0.723,0.02,122.4,-10.39,2.92,5.2,0
T1399,EDM,0.717,0.99,0.45,0.054,0.047,127.6,-3.96,5.58,82.5,1
T1400,Rock,0.433,0.923,0.566,0.02,0.085,140.2,-5.81,3.01,70.5,1
T1401,Hip-Hop,0.794,0.601,0.626,0.02,0.25,91.0,-11.3,3.17,69.9,0
T1402,Acoustic,0.428,0.358,0.454,0.564,0.069,91.3,-12.14,2.7,15.0,0
T1403,R&B,0.601,0.602,0.307,0.446,0.071,94.5,-6.38,3.99,38.5,0
T1404,Pop,0.784,0.555,0.611,0.228,0.021,112.4,-0.63,2.36,86.7,1
T1405,Rock,0.415,0.948,0.36,0.112,0.164,126.4,-7.42,3.14,57.7,0
T1406,Hip-Hop,0.82,0.535,0.593,0.071,0.273,93.1,-7.97,3.24,65.7,0
T1407,Hip-Hop,0.718,0.586,0.75,0.02,0.271,99.4,-6.31,3.9,78.3,1
T1408,Pop,0.668,0.746,0.418,0.025,0.091,115.2,-7.68,4.1,53.4,0
T1409,Acoustic,0.669,0.354,0.406,0.773,0.065,130.8,-8.75,3.68,33.5,0
T1410,R&B,0.553,0.678,0.783,0.183,0.172,97.8,-6.34,4.32,42.2,0
T1411,Pop,0.912,0.631,0.626,0.105,0.061,124.6,-7.57,3.14,71.7,1
T1412,Rock,0.627,0.815,0.486,0.02,0.052,108.6,-4.27,3.63,65.9,0
T1413,Pop,0.53,0.727,0.407,0.141,0.024,116.0,-5.96,3.85,64.7,0
T1414,EDM,0.725,0.914,0.295,0.02,0.097,128.0,-4.72,3.09,73.7,1
T1415,EDM,0.543,0.99,0.487,0.304,0.02,150.6,-7.37,5.4,68.9,0
T1416,Pop,0.678,0.691,0.71,0.132,0.131,104.5,-4.97,4.29,68.2,0
T1417,R&B,0.743,0.389,0.28,0.33,0.078,107.6,-6.22,4.12,62.5,0
T1418,EDM,0.911,0.99,0.345,0.051,0.062,111.5,-3.18,3.73,95.5,1
T1419,Acoustic,0.355,0.232,0.482,0.929,0.06,118.7,-8.12,2.99,0.0,0
T1420,Pop,0.737,0.539,0.514,0.237,0.02,115.5,-5.24,4.31,93.8,1
T1421,EDM,0.74,0.99,0.383,0.188,0.02,144.6,-5.82,3.34,74.0,1
T1422,Pop,0.753,0.766,0.366,0.243,0.071,99.4,-4.98,2.88,77.8,1
T1423,Hip-Hop,0.907,0.579,0.716,0.02,0.241,94.5,-3.64,2.57,76.4,1
T1424,Rock,0.403,0.839,0.296,0.278,0.034,135.8,-0.8,3.99,44.9,0
T1425,Rock,0.454,0.685,0.741,0.056,0.024,100.6,-6.44,3.71,66.6,0
T1426,Rock,0.748,0.99,0.313,0.125,0.02,122.6,-5.65,4.19,71.9,1
T1427,Hip-Hop,0.956,0.729,0.446,0.103,0.23,109.8,-4.2,2.74,93.4,1
T1428,Pop,0.749,0.772,0.523,0.101,0.02,105.2,-5.91,3.36,78.7,1
T1429,Acoustic,0.33,0.086,0.455,0.752,0.02,103.2,-11.01,4.54,6.5,0
T1430,EDM,0.899,0.923,0.672,0.261,0.101,115.4,-3.96,4.31,84.2,1
T1431,Pop,0.881,0.808,0.563,0.02,0.083,106.7,-3.68,4.07,74.1,1
T1432,Hip-Hop,0.816,0.553,0.542,0.125,0.134,107.3,-9.0,3.37,61.9,0
T1433,Pop,0.882,0.509,0.736,0.054,0.087,104.4,-2.42,3.55,100.0,1
T1434,Hip-Hop,0.658,0.699,0.477,0.02,0.237,86.3,-7.03,2.96,71.8,1
T1435,EDM,0.851,0.967,0.033,0.02,0.065,115.6,-5.6,4.18,63.7,0
T1436,Rock,0.483,0.826,0.465,0.096,0.049,110.0,-7.8,3.55,54.3,0
T1437,Hip-Hop,0.99,0.696,0.451,0.032,0.19,89.6,-2.73,2.95,100.0,1
T1438,Pop,0.648,0.81,0.518,0.043,0.054,112.6,-4.61,2.86,70.7,1
T1439,Rock,0.583,0.924,0.485,0.115,0.02,132.2,-5.59,3.95,68.3,0
T1440,R&B,0.711,0.413,0.604,0.02,0.216,82.4,-9.64,3.72,59.8,0
T1441,EDM,0.624,0.989,0.254,0.07,0.123,122.5,-0.48,3.39,76.5,1
T1442,Pop,0.683,0.868,0.705,0.106,0.079,129.5,-2.86,3.89,99.8,1
T1443,Acoustic,0.477,0.43,0.371,0.768,0.02,92.5,-10.91,3.14,21.0,0
T1444,Pop,0.766,0.718,0.542,0.286,0.059,113.3,-7.89,3.24,85.1,1
T1445,Rock,0.4,0.702,0.562,0.097,0.066,118.5,-4.19,4.3,58.9,0
T1446,Rock,0.637,0.787,0.558,0.02,0.02,131.9,-5.35,4.36,76.6,1
T1447,EDM,0.801,0.981,0.495,0.223,0.025,132.2,-2.96,4.97,78.8,1
T1448,R&B,0.74,0.541,0.496,0.211,0.084,103.4,-8.54,4.29,70.5,1
T1449,Acoustic,0.601,0.445,0.45,0.621,0.02,107.7,-11.64,4.12,32.7,0
T1450,Hip-Hop,0.759,0.612,0.264,0.114,0.219,100.3,-4.26,3.27,64.7,0
T1451,Hip-Hop,0.7,0.58,0.568,0.173,0.186,118.0,-2.81,3.2,69.2,0
T1452,Pop,0.702,0.875,0.496,0.02,0.155,112.7,-3.45,3.32,98.6,1
T1453,Rock,0.513,0.598,0.55,0.02,0.02,108.4,-6.39,3.47,76.6,1
T1454,EDM,0.666,0.953,0.505,0.075,0.042,118.9,-6.24,3.66,74.4,1
T1455,Rock,0.475,0.879,0.796,0.051,0.025,123.0,-4.73,4.72,76.4,1
T1456,R&B,0.667,0.454,0.41,0.354,0.037,89.4,-6.39,3.65,38.3,0
T1457,Rock,0.64,0.858,0.625,0.02,0.079,109.7,-3.75,4.77,80.7,1
T1458,Pop,0.817,0.861,0.846,0.116,0.078,121.5,-8.44,2.78,100.0,1
T1459,Pop,0.705,0.912,0.518,0.055,0.116,121.8,-5.06,3.8,54.9,0
T1460,EDM,0.908,0.99,0.358,0.02,0.048,125.2,-3.67,3.66,74.4,1
T1461,Pop,0.822,0.833,0.569,0.352,0.029,112.5,-4.82,3.27,93.0,1
T1462,Pop,0.527,0.606,0.7,0.359,0.02,112.6,-6.3,3.77,65.3,0
T1463,Hip-Hop,0.804,0.706,0.587,0.29,0.309,101.8,-11.48,3.55,69.3,0
T1464,Pop,0.737,0.708,0.622,0.332,0.059,108.6,-3.04,3.73,99.5,1
T1465,EDM,0.752,0.856,0.35,0.079,0.02,123.3,-2.01,4.53,100.0,1
T1466,Hip-Hop,0.64,0.613,0.564,0.191,0.198,92.5,-4.78,2.31,61.6,0
T1467,Rock,0.336,0.885,0.621,0.02,0.129,127.6,-6.83,4.06,66.9,0
T1468,Hip-Hop,0.978,0.656,0.476,0.202,0.222,94.9,-5.29,2.87,62.5,0
T1469,R&B,0.99,0.453,0.808,0.34,0.101,122.1,-9.75,4.65,62.6,0
T1470,Pop,0.618,0.726,0.819,0.117,0.096,118.5,-7.25,3.87,57.2,0
T1471,Rock,0.578,0.606,0.46,0.135,0.02,133.6,-4.42,4.13,42.9,0
T1472,Hip-Hop,0.846,0.541,0.347,0.306,0.223,115.4,-5.41,3.16,58.6,0
T1473,Hip-Hop,0.925,0.708,0.71,0.282,0.201,91.7,-7.24,4.34,86.6,1
T1474,EDM,0.655,0.99,0.78,0.179,0.104,149.3,-1.55,2.36,90.7,1
T1475,Hip-Hop,0.708,0.511,0.538,0.128,0.216,86.7,-3.6,2.85,75.8,1
T1476,Hip-Hop,0.82,0.626,0.611,0.163,0.225,99.5,-4.34,2.01,82.0,1
T1477,Pop,0.608,0.699,0.582,0.297,0.027,129.0,-3.83,1.94,84.6,1
T1478,Hip-Hop,0.828,0.644,0.502,0.02,0.18,63.1,-7.8,2.07,80.0,1
T1479,Hip-Hop,0.885,0.57,0.191,0.324,0.312,105.3,-8.4,2.63,53.5,0
T1480,Acoustic,0.596,0.37,0.174,0.709,0.061,107.6,-12.85,3.77,29.7,0
T1481,Hip-Hop,0.716,0.714,0.899,0.02,0.178,83.5,-7.76,3.05,86.5,1
T1482,Rock,0.519,0.631,0.533,0.28,0.055,132.4,-5.48,3.41,92.3,1
T1483,Acoustic,0.498,0.473,0.444,0.856,0.026,84.5,-10.91,3.27,37.5,0
T1484,EDM,0.742,0.643,0.248,0.026,0.02,136.2,-1.58,3.45,75.0,1
T1485,EDM,0.835,0.662,0.488,0.193,0.042,142.1,-3.12,3.64,97.0,1
T1486,Pop,0.665,0.681,0.714,0.192,0.02,105.6,-9.31,3.01,84.7,1
T1487,R&B,0.659,0.671,0.433,0.219,0.087,113.5,-4.74,3.1,57.4,0
T1488,R&B,0.683,0.67,0.285,0.336,0.107,99.2,-9.4,3.8,62.7,0
T1489,Hip-Hop,0.676,0.703,0.429,0.139,0.177,85.6,-7.34,3.06,55.8,0
T1490,Hip-Hop,0.8,0.724,0.4,0.057,0.188,109.0,-3.78,2.35,84.0,1
T1491,Rock,0.406,0.952,0.477,0.343,0.02,122.9,-3.88,5.11,55.2,0
T1492,R&B,0.669,0.62,0.39,0.369,0.155,102.8,-6.55,4.31,43.5,0
T1493,Acoustic,0.445,0.425,0.308,0.727,0.111,115.7,-10.21,3.59,12.5,0
T1494,Acoustic,0.414,0.461,0.437,0.836,0.085,122.3,-11.14,3.71,47.3,0
T1495,Hip-Hop,0.7,0.725,0.399,0.108,0.163,111.9,-7.66,4.06,66.8,0
T1496,EDM,0.647,0.787,0.509,0.02,0.053,131.3,-0.84,3.87,68.2,0
T1497,Pop,0.622,0.721,0.407,0.163,0.062,114.1,-5.52,2.83,60.8,0
T1498,R&B,0.798,0.494,0.569,0.28,0.077,87.3,-7.6,3.98,63.7,0
T1499,Rock,0.305,0.637,0.681,0.045,0.138,129.1,-6.86,4.94,39.1,0
T1500,Hip-Hop,0.89,0.587,0.216,0.044,0.118,102.9,-6.89,2.63,52.2,0
T1501,Acoustic,0.468,0.521,0.361,0.739,0.02,109.4,-5.71,3.13,11.9,0
T1502,EDM,0.742,0.918,0.284,0.02,0.037,135.3,0.0,3.93,93.4,1
T1503,Pop,0.575,0.811,0.674,0.168,0.098,112.4,-5.06,5.06,78.3,1
T1504,Hip-Hop,0.756,0.773,0.948,0.02,0.192,99.5,-6.32,3.83,84.9,1
T1505,R&B,0.57,0.587,0.449,0.311,0.206,118.7,-9.09,3.01,50.7,0
T1506,Pop,0.734,0.808,0.709,0.286,0.048,138.5,-5.07,3.13,86.5,1
T1507,Hip-Hop,0.99,0.592,0.286,0.156,0.181,104.7,-5.94,2.79,86.1,1
T1508,Hip-Hop,0.913,0.77,0.616,0.122,0.273,103.6,-5.6,2.91,90.9,1
T1509,R&B,0.659,0.437,0.292,0.38,0.099,89.5,-9.57,4.62,24.9,0
T1510,Hip-Hop,0.789,0.699,0.714,0.176,0.231,103.6,-8.04,3.48,74.0,1
T1511,Hip-Hop,0.939,0.639,0.282,0.04,0.24,112.5,-8.08,4.44,72.8,1
T1512,R&B,0.467,0.569,0.747,0.333,0.088,117.2,-9.23,2.87,42.1,0
T1513,Acoustic,0.506,0.528,0.496,0.99,0.069,116.1,-11.09,3.88,16.2,0
T1514,R&B,0.604,0.82,0.577,0.108,0.054,89.3,-8.01,3.51,70.7,1
T1515,Hip-Hop,0.917,0.724,0.735,0.02,0.264,87.9,-7.21,2.97,83.2,1
T1516,Pop,0.707,0.441,0.594,0.139,0.159,104.5,-8.62,3.77,92.6,1
T1517,Hip-Hop,0.671,0.778,0.381,0.191,0.2,90.8,-4.27,3.45,68.9,0
T1518,R&B,0.558,0.503,0.404,0.177,0.169,94.5,-10.26,4.0,49.2,0
T1519,Acoustic,0.407,0.115,0.442,0.842,0.02,112.0,-9.05,3.05,8.1,0
T1520,Acoustic,0.465,0.408,0.441,0.666,0.02,115.5,-8.79,3.44,34.0,0
T1521,Rock,0.434,0.664,0.254,0.167,0.023,121.6,-2.83,4.59,55.4,0
T1522,R&B,0.514,0.573,0.725,0.237,0.113,97.2,-6.14,2.88,71.7,1
T1523,EDM,0.751,0.839,0.473,0.261,0.027,128.8,-4.92,3.29,87.6,1
T1524,Rock,0.495,0.818,0.453,0.173,0.026,143.0,-7.28,5.21,58.9,0
T1525,EDM,0.535,0.802,0.603,0.068,0.043,137.1,-2.58,3.7,70.6,1
T1526,EDM,0.591,0.99,0.622,0.044,0.024,118.0,-4.42,4.55,70.5,1
T1527,EDM,0.738,0.99,0.37,0.02,0.138,129.1,-6.08,2.83,83.4,1
T1528,Pop,0.694,0.583,0.6,0.063,0.02,114.8,-6.73,3.3,69.2,0
T1529,Hip-Hop,0.792,0.458,0.584,0.292,0.221,98.6,-1.79,2.21,73.2,1
T1530,Acoustic,0.42,0.487,0.347,0.529,0.095,105.8,-9.89,3.47,25.1,0
T1531,Pop,0.773,0.441,0.368,0.035,0.132,116.3,-2.62,3.5,82.5,1
T1532,Rock,0.491,0.779,0.402,0.28,0.123,132.0,-4.67,3.58,70.0,1
T1533,Acoustic,0.62,0.116,0.587,0.792,0.084,123.4,-12.67,3.0,41.6,0
T1534,Hip-Hop,0.939,0.562,0.422,0.384,0.228,62.3,-5.49,2.67,60.1,0
T1535,Rock,0.496,0.913,0.734,0.065,0.12,114.1,-7.93,3.89,70.8,1
T1536,Acoustic,0.641,0.175,0.277,0.868,0.146,109.1,-10.15,4.0,27.5,0
T1537,Rock,0.571,0.782,0.438,0.064,0.02,120.3,-4.67,4.97,68.6,0
T1538,Rock,0.695,0.865,0.57,0.214,0.02,127.3,-8.32,5.1,66.1,0
T1539,Pop,0.692,0.556,0.551,0.266,0.071,130.3,-3.42,4.09,74.2,1
T1540,Acoustic,0.352,0.324,0.355,0.815,0.05,103.4,-10.33,3.54,37.7,0
T1541,Rock,0.496,0.855,0.524,0.107,0.028,116.6,-6.32,3.78,63.5,0
T1542,Hip-Hop,0.668,0.763,0.587,0.108,0.293,99.3,-7.61,2.71,83.6,1
T1543,Hip-Hop,0.845,0.703,0.601,0.196,0.244,109.4,-5.35,3.03,80.8,1
T1544,Acoustic,0.516,0.305,0.282,0.696,0.02,103.1,-13.16,4.12,0.0,0
T1545,Rock,0.585,0.777,0.684,0.176,0.044,109.9,-1.54,3.17,69.9,0
T1546,Hip-Hop,0.723,0.733,0.214,0.108,0.318,88.7,-7.81,3.34,50.2,0
T1547,Hip-Hop,0.842,0.776,0.556,0.147,0.306,96.5,-4.84,2.78,76.3,1
T1548,Hip-Hop,0.499,0.705,0.286,0.154,0.19,110.2,-6.01,2.32,47.8,0
T1549,Hip-Hop,0.727,0.498,0.539,0.207,0.161,88.9,-7.49,2.79,91.1,1
T1550,EDM,0.699,0.751,0.596,0.158,0.053,125.2,-3.58,4.24,96.1,1
T1551,Acoustic,0.372,0.361,0.525,0.898,0.08,118.3,-8.39,3.42,28.9,0
T1552,EDM,0.742,0.884,0.332,0.02,0.042,141.9,-2.02,3.84,97.0,1
T1553,Acoustic,0.385,0.294,0.236,0.735,0.107,103.5,-11.47,4.14,0.0,0
T1554,Hip-Hop,0.795,0.686,0.537,0.043,0.272,93.5,-3.61,3.23,86.7,1
T1555,Hip-Hop,0.756,0.597,0.514,0.334,0.198,80.5,-6.39,2.9,77.1,1
T1556,Pop,0.829,0.75,0.55,0.194,0.149,114.2,-6.81,4.26,69.1,0
T1557,Acoustic,0.359,0.609,0.23,0.768,0.095,109.0,-8.98,3.47,42.7,0
T1558,Rock,0.551,0.634,0.668,0.063,0.101,139.1,-7.18,4.97,66.1,0
T1559,Pop,0.727,0.596,0.817,0.177,0.05,117.5,-6.73,3.81,95.7,1
T1560,Pop,0.769,0.724,0.458,0.118,0.095,118.9,-3.74,4.35,67.9,0
T1561,Pop,0.694,0.391,0.612,0.145,0.057,125.9,-0.76,3.73,64.8,0
T1562,EDM,0.634,0.84,0.303,0.318,0.02,109.0,-5.75,3.87,73.5,1
T1563,Acoustic,0.387,0.377,0.459,0.749,0.02,103.4,-7.78,4.73,14.2,0
T1564,EDM,0.607,0.887,0.433,0.044,0.038,123.9,-5.14,4.55,70.3,1
T1565,Pop,0.94,0.72,0.56,0.267,0.119,108.2,-6.21,3.43,89.1,1
T1566,Hip-Hop,0.711,0.635,0.455,0.26,0.101,94.8,-6.19,2.4,72.1,1
T1567,Hip-Hop,0.606,0.713,0.35,0.021,0.11,115.9,-7.24,2.09,64.6,0
T1568,EDM,0.659,0.853,0.255,0.182,0.028,136.5,-3.07,4.1,91.3,1
T1569,EDM,0.773,0.792,0.354,0.082,0.037,121.4,-4.22,3.45,74.9,1
T1570,Hip-Hop,0.709,0.656,0.573,0.081,0.173,132.8,-5.44,3.73,84.8,1
T1571,Pop,0.99,0.677,0.342,0.299,0.071,119.3,-7.19,3.35,70.6,1
T1572,Acoustic,0.44,0.299,0.772,0.837,0.047,101.8,-12.33,4.01,23.4,0
T1573,Rock,0.463,0.918,0.394,0.198,0.02,123.9,-6.82,3.1,63.5,0
T1574,Pop,0.73,0.65,0.439,0.149,0.059,107.4,-6.44,2.98,79.6,1
T1575,Rock,0.437,0.656,0.628,0.125,0.032,115.8,-9.06,4.38,65.0,0
T1576,Hip-Hop,0.796,0.542,0.636,0.188,0.245,90.2,-2.8,3.93,97.1,1
T1577,Hip-Hop,0.833,0.476,0.673,0.02,0.219,95.4,-7.42,3.45,78.4,1
T1578,Pop,0.756,0.854,0.689,0.092,0.087,105.1,-7.97,3.78,73.9,1
T1579,Rock,0.458,0.7,0.317,0.076,0.122,134.7,-5.98,3.72,37.3,0
T1580,Rock,0.502,0.712,0.484,0.02,0.02,127.7,-6.27,4.28,57.4,0
T1581,EDM,0.48,0.881,0.416,0.096,0.079,125.2,-3.55,3.39,76.1,1
T1582,Acoustic,0.485,0.525,0.737,0.759,0.028,112.4,-10.16,4.07,20.9,0
T1583,Rock,0.594,0.851,0.294,0.042,0.132,128.3,-9.56,3.83,40.3,0
T1584,R&B,0.919,0.626,0.429,0.382,0.02,112.8,-5.43,3.15,65.6,0
T1585,Hip-Hop,0.731,0.653,0.44,0.191,0.271,85.9,-4.93,4.43,70.2,1
T1586,Hip-Hop,0.819,0.529,0.55,0.065,0.263,97.3,-4.98,3.31,74.3,1
T1587,Rock,0.533,0.591,0.6,0.179,0.02,83.7,-7.99,3.73,53.4,0
T1588,Pop,0.823,0.77,0.578,0.137,0.11,100.9,-2.74,3.97,100.0,1
T1589,Acoustic,0.507,0.261,0.602,0.908,0.032,109.4,-12.79,3.77,9.9,0
T1590,Hip-Hop,0.651,0.648,0.352,0.02,0.318,102.3,-6.49,4.02,65.8,0
T1591,Hip-Hop,0.898,0.46,0.642,0.02,0.263,103.8,-5.8,3.32,81.8,1
T1592,Pop,0.577,0.768,0.527,0.02,0.083,134.3,-7.38,3.03,64.8,0
T1593,Rock,0.334,0.812,0.781,0.02,0.077,127.6,-8.77,2.79,64.9,0
T1594,Hip-Hop,0.814,0.841,0.596,0.176,0.325,115.6,-7.92,2.6,59.5,0
T1595,Acoustic,0.311,0.499,0.346,0.705,0.091,99.8,-12.6,3.29,7.3,0
T1596,Pop,0.792,0.662,0.523,0.249,0.13,115.6,-6.17,2.21,84.9,1
T1597,Hip-Hop,0.886,0.554,0.381,0.153,0.184,99.4,-5.95,2.64,59.7,0
T1598,Pop,0.527,0.686,0.372,0.2,0.058,128.5,-2.4,3.53,85.9,1
T1599,Pop,0.754,0.809,0.375,0.34,0.181,101.6,-5.99,3.7,79.8,1
T1600,Hip-Hop,0.861,0.482,0.548,0.042,0.202,106.8,-5.49,3.5,81.7,1
T1601,EDM,0.851,0.836,0.619,0.02,0.02,129.4,-4.69,3.62,87.6,1
T1602,EDM,0.594,0.965,0.657,0.16,0.154,108.7,-6.62,4.18,69.3,0
T1603,Rock,0.528,0.8,0.691,0.02,0.094,109.3,-7.58,4.97,62.6,0
T1604,Acoustic,0.326,0.37,0.341,0.888,0.025,114.0,-12.01,3.13,7.5,0
T1605,Hip-Hop,0.99,0.646,0.379,0.102,0.276,92.6,-7.04,2.78,79.0,1
T1606,Acoustic,0.576,0.424,0.299,0.856,0.02,96.2,-11.68,4.3,28.8,0
T1607,EDM,0.619,0.882,0.354,0.361,0.1,144.6,-5.81,3.8,75.5,1
T1608,Acoustic,0.537,0.197,0.519,0.99,0.078,111.9,-11.25,3.39,21.7,0
T1609,Hip-Hop,0.606,0.772,0.65,0.189,0.289,94.9,-7.56,3.63,77.0,1
T1610,Pop,0.811,0.643,0.436,0.075,0.089,132.3,-6.85,3.63,79.9,1
T1611,Hip-Hop,0.99,0.753,0.278,0.02,0.247,84.3,-6.03,3.83,66.5,0
T1612,Pop,0.59,0.743,0.615,0.124,0.02,100.4,-5.61,4.29,81.7,1
T1613,Acoustic,0.445,0.223,0.65,0.921,0.02,129.6,-7.7,4.24,8.5,0
T1614,EDM,0.826,0.822,0.749,0.02,0.021,136.5,-5.94,4.35,77.1,1
T1615,R&B,0.631,0.645,0.429,0.457,0.093,90.6,-7.84,4.23,64.4,0
T1616,Hip-Hop,0.655,0.551,0.549,0.029,0.219,100.7,-5.86,3.63,87.1,1
T1617,Hip-Hop,0.886,0.597,0.513,0.327,0.232,92.0,-8.18,2.94,60.5,0
T1618,Hip-Hop,0.733,0.815,0.464,0.189,0.169,101.7,-3.75,3.67,78.7,1
T1619,Rock,0.636,0.653,0.73,0.182,0.043,108.0,-3.1,4.75,96.8,1
T1620,Acoustic,0.299,0.251,0.494,0.69,0.021,128.6,-11.04,2.74,15.8,0
T1621,R&B,0.759,0.33,0.418,0.139,0.047,97.9,-3.46,3.2,66.8,0
T1622,R&B,0.65,0.649,0.275,0.02,0.128,119.0,-10.07,2.81,48.4,0
T1623,Pop,0.926,0.559,0.485,0.194,0.068,136.7,-3.13,4.19,83.9,1
T1624,EDM,0.664,0.923,0.742,0.28,0.064,113.5,-6.99,4.02,73.4,1
T1625,EDM,0.832,0.663,0.417,0.171,0.106,130.5,-4.6,2.5,74.7,1
T1626,Rock,0.633,0.99,0.761,0.301,0.02,129.7,-4.35,4.24,57.3,0
T1627,Rock,0.337,0.724,0.656,0.076,0.042,124.4,-5.24,4.0,41.7,0
T1628,Pop,0.682,0.733,0.404,0.02,0.086,120.7,-4.6,4.56,93.0,1
T1629,Hip-Hop,0.523,0.756,0.227,0.078,0.178,104.9,-8.86,2.76,49.3,0
T1630,Hip-Hop,0.99,0.871,0.424,0.099,0.208,92.7,-7.91,3.09,69.5,0
T1631,Rock,0.513,0.701,0.292,0.02,0.084,111.1,-8.11,3.72,62.5,0
T1632,Pop,0.574,0.567,0.472,0.02,0.069,94.3,-0.32,3.16,89.7,1
T1633,R&B,0.466,0.657,0.73,0.064,0.104,100.8,-5.14,2.52,55.4,0
T1634,EDM,0.825,0.99,0.409,0.166,0.147,103.7,-3.32,3.81,93.7,1
T1635,Hip-Hop,0.946,0.532,0.388,0.241,0.207,95.7,-4.77,3.24,68.9,0
T1636,EDM,0.663,0.99,0.582,0.047,0.035,145.3,-0.91,2.85,97.2,1
T1637,EDM,0.721,0.99,0.347,0.02,0.038,115.9,-5.38,3.54,77.1,1
T1638,Pop,0.774,0.648,0.784,0.047,0.089,125.7,-2.75,3.71,90.0,1
T1639,Acoustic,0.357,0.401,0.375,0.654,0.02,88.2,-9.55,4.63,0.0,0
T1640,R&B,0.681,0.552,0.195,0.101,0.054,100.4,-3.49,2.52,73.1,1
T1641,Rock,0.388,0.605,0.471,0.02,0.026,132.8,-5.49,3.84,67.6,0
T1642,EDM,0.979,0.99,0.408,0.021,0.02,126.5,-1.88,4.0,86.1,1
T1643,Acoustic,0.479,0.232,0.351,0.678,0.02,103.0,-11.39,3.49,24.7,0
T1644,EDM,0.707,0.727,0.287,0.118,0.06,136.9,-4.36,4.24,80.5,1
T1645,Rock,0.334,0.932,0.335,0.226,0.077,118.4,-5.21,3.98,55.7,0
T1646,Acoustic,0.528,0.162,0.199,0.831,0.186,146.3,-9.41,3.02,0.0,0
T1647,Rock,0.491,0.871,0.355,0.081,0.02,124.4,-6.67,4.44,54.6,0
T1648,Pop,0.95,0.482,0.45,0.16,0.052,103.7,-4.93,3.88,70.4,1
T1649,EDM,0.658,0.99,0.472,0.053,0.032,137.5,-7.29,3.62,86.2,1
T1650,Hip-Hop,0.66,0.441,0.45,0.112,0.17,82.9,-6.1,2.96,56.8,0
T1651,EDM,0.865,0.878,0.485,0.021,0.094,114.2,-5.2,4.58,74.9,1
T1652,Pop,0.803,0.821,0.878,0.03,0.02,133.2,-8.84,2.56,100.0,1
T1653,Pop,0.734,0.491,0.648,0.119,0.02,124.1,-6.17,2.45,77.1,1
T1654,Pop,0.768,0.986,0.622,0.324,0.02,124.1,-7.16,3.34,78.8,1
T1655,R&B,0.632,0.524,0.45,0.459,0.146,87.9,-6.49,3.65,51.7,0
T1656,Rock,0.571,0.983,0.438,0.245,0.065,114.5,-8.72,4.64,54.2,0
T1657,Acoustic,0.324,0.353,0.292,0.803,0.02,125.3,-11.09,1.88,0.0,0
T1658,Pop,0.83,0.756,0.552,0.02,0.02,112.5,-5.7,3.45,100.0,1
T1659,Acoustic,0.347,0.337,0.504,0.776,0.02,87.5,-11.81,3.91,7.4,0
T1660,Pop,0.76,0.751,0.627,0.19,0.132,137.1,-6.82,3.27,95.8,1
T1661,Acoustic,0.458,0.465,0.494,0.809,0.152,102.1,-10.98,2.91,23.8,0
T1662,Rock,0.438,0.646,0.486,0.02,0.152,112.1,-6.44,4.34,53.6,0
T1663,EDM,0.796,0.928,0.412,0.02,0.06,142.4,-2.79,3.03,99.0,1
T1664,EDM,0.732,0.856,0.788,0.02,0.037,109.2,-1.8,3.46,97.8,1
T1665,EDM,0.851,0.596,0.428,0.098,0.042,113.4,-2.16,4.37,68.4,0
T1666,EDM,0.759,0.871,0.529,0.02,0.045,114.7,-6.53,3.66,99.1,1
T1667,EDM,0.639,0.633,0.723,0.169,0.038,123.6,-3.92,4.23,75.4,1
T1668,EDM,0.589,0.841,0.323,0.02,0.02,125.9,-5.0,3.8,60.8,0
T1669,Pop,0.768,0.84,0.442,0.02,0.107,116.0,-4.04,3.33,73.2,1
T1670,Pop,0.681,0.432,0.277,0.226,0.02,131.6,-8.61,3.87,71.0,1
T1671,Hip-Hop,0.908,0.484,0.661,0.02,0.248,100.8,-4.57,2.99,72.3,1
T1672,Hip-Hop,0.806,0.599,0.955,0.19,0.296,89.2,-2.54,2.88,83.8,1
T1673,Pop,0.745,0.581,0.79,0.105,0.02,132.0,-5.18,4.77,78.6,1
T1674,Pop,0.615,0.776,0.838,0.021,0.132,112.6,-3.87,3.29,84.4,1
T1675,Hip-Hop,0.86,0.574,0.334,0.168,0.221,79.6,-4.9,3.38,82.0,1
T1676,Pop,0.65,0.959,0.425,0.027,0.163,99.2,-3.46,3.96,78.7,1
T1677,EDM,0.688,0.837,0.75,0.02,0.152,156.8,-5.39,4.58,79.6,1
T1678,Pop,0.667,0.734,0.555,0.03,0.02,117.9,-4.35,2.9,82.7,1
T1679,Pop,0.607,0.657,0.75,0.179,0.129,130.6,-3.15,4.34,92.7,1
T1680,Rock,0.391,0.756,0.537,0.167,0.023,135.8,-3.75,3.22,77.2,1
T1681,EDM,0.655,0.937,0.161,0.219,0.114,120.1,-4.61,4.81,55.1,0
T1682,Pop,0.619,0.623,0.384,0.09,0.02,119.6,-4.54,4.22,73.6,1
T1683,Acoustic,0.627,0.44,0.131,0.795,0.03,120.7,-10.1,3.13,22.6,0
T1684,EDM,0.642,0.831,0.506,0.18,0.088,107.5,-2.79,3.56,80.7,1
T1685,Pop,0.744,0.858,0.473,0.191,0.118,118.6,-4.03,3.62,75.5,1
T1686,R&B,0.706,0.379,0.545,0.02,0.159,103.6,-4.68,2.77,83.8,1
T1687,Hip-Hop,0.743,0.56,0.428,0.02,0.197,115.5,-6.56,5.0,81.3,1
T1688,Rock,0.377,0.789,0.412,0.102,0.026,117.0,-6.04,3.3,67.7,0
T1689,R&B,0.796,0.388,0.401,0.381,0.066,100.9,-7.24,3.36,62.8,0
T1690,R&B,0.537,0.516,0.396,0.22,0.02,103.7,-7.24,4.01,49.2,0
T1691,EDM,0.634,0.964,0.382,0.02,0.031,125.4,-2.92,4.21,79.5,1
T1692,Hip-Hop,0.714,0.514,0.288,0.037,0.284,96.5,-7.67,3.54,56.1,0
T1693,R&B,0.747,0.542,0.536,0.231,0.027,93.9,-7.57,4.42,46.5,0
T1694,Hip-Hop,0.874,0.474,0.594,0.045,0.19,91.7,-6.98,3.52,60.5,0
T1695,Hip-Hop,0.801,0.674,0.824,0.227,0.241,85.8,-7.3,4.09,67.6,0
T1696,R&B,0.498,0.484,0.427,0.277,0.074,103.2,-9.02,3.63,32.3,0
T1697,R&B,0.828,0.461,0.736,0.303,0.179,102.2,-5.41,3.87,65.6,0
T1698,Acoustic,0.64,0.374,0.303,0.902,0.029,90.6,-11.86,3.61,29.4,0
T1699,Rock,0.616,0.509,0.385,0.185,0.02,102.0,-6.33,3.51,69.6,0
T1700,Pop,0.535,0.693,0.728,0.191,0.03,146.6,-4.66,3.11,71.1,1
T1701,Rock,0.516,0.576,0.454,0.253,0.085,134.1,-6.07,4.32,34.2,0
T1702,Pop,0.673,0.599,0.638,0.163,0.09,101.4,-3.68,3.56,95.0,1
T1703,EDM,0.744,0.826,0.418,0.093,0.102,104.2,-2.13,4.09,83.8,1
T1704,EDM,0.689,0.831,0.388,0.299,0.054,133.8,-4.27,2.79,66.4,0
T1705,Pop,0.598,0.775,0.43,0.234,0.06,95.8,-4.02,3.25,90.0,1
T1706,Pop,0.773,0.742,0.499,0.303,0.05,126.7,-6.08,3.27,77.5,1
T1707,EDM,0.681,0.834,0.457,0.067,0.089,128.1,-1.52,4.7,76.9,1
T1708,Hip-Hop,0.9,0.76,0.605,0.084,0.183,116.3,-5.69,3.73,87.7,1
T1709,Hip-Hop,0.915,0.607,0.513,0.213,0.172,109.1,-8.2,2.8,60.8,0
T1710,EDM,0.694,0.952,0.621,0.02,0.043,114.0,-3.64,4.36,71.9,1
T1711,EDM,0.64,0.85,0.336,0.049,0.02,125.2,-3.67,3.55,92.9,1
T1712,Pop,0.675,0.594,0.364,0.02,0.027,88.8,-6.43,4.33,63.0,0
T1713,Acoustic,0.505,0.418,0.324,0.932,0.077,102.4,-12.09,3.65,1.6,0
T1714,Pop,0.768,0.555,0.552,0.126,0.036,111.0,-2.38,3.79,92.6,1
T1715,Pop,0.647,0.8,0.75,0.1,0.069,89.0,-5.54,4.06,82.6,1
T1716,Rock,0.452,0.95,0.429,0.317,0.042,115.1,-4.09,2.75,60.7,0
T1717,Pop,0.494,0.848,0.571,0.032,0.109,119.1,-5.06,3.89,72.6,1
T1718,EDM,0.669,0.848,0.37,0.2,0.02,147.3,-2.7,4.11,70.7,1
T1719,Pop,0.56,0.783,0.702,0.09,0.114,124.4,-4.79,4.12,73.1,1
T1720,Hip-Hop,0.805,0.49,0.463,0.083,0.22,102.3,-3.52,3.06,65.0,0
T1721,R&B,0.731,0.54,0.556,0.201,0.02,108.8,-10.07,2.74,49.2,0
T1722,R&B,0.931,0.584,0.455,0.184,0.154,100.6,-7.85,3.39,60.8,0
T1723,Acoustic,0.448,0.263,0.295,0.659,0.02,114.8,-10.63,3.93,14.8,0
T1724,Rock,0.47,0.863,0.597,0.02,0.02,130.8,-4.64,4.39,51.5,0
T1725,Pop,0.842,0.5,0.211,0.085,0.093,106.2,-3.46,3.14,58.7,0
T1726,Pop,0.812,0.579,0.614,0.209,0.12,115.7,-8.62,2.98,74.1,1
T1727,R&B,0.61,0.604,0.493,0.095,0.132,100.9,-7.93,3.57,65.5,0
T1728,Pop,0.77,0.658,0.535,0.035,0.051,100.0,-5.9,3.65,89.2,1
T1729,R&B,0.704,0.53,0.587,0.411,0.093,89.7,-2.63,3.36,86.2,1
T1730,Pop,0.697,0.637,0.699,0.143,0.075,140.8,-7.94,2.82,76.0,1
T1731,Hip-Hop,0.743,0.739,0.357,0.227,0.275,100.5,-5.86,2.91,44.6,0
T1732,Acoustic,0.488,0.288,0.363,0.74,0.02,137.7,-11.67,2.67,11.3,0
T1733,Hip-Hop,0.939,0.598,0.251,0.134,0.222,112.7,-5.63,3.09,74.2,1
T1734,Pop,0.621,0.66,0.726,0.118,0.085,116.3,-3.45,2.41,76.6,1
T1735,Pop,0.99,0.746,0.15,0.424,0.02,113.4,-6.48,4.23,78.9,1
T1736,Pop,0.863,0.844,0.081,0.229,0.117,119.8,-3.84,4.61,95.2,1
T1737,Hip-Hop,0.583,0.698,0.236,0.02,0.22,109.0,-2.05,3.73,56.2,0
T1738,EDM,0.811,0.961,0.497,0.166,0.039,115.7,-0.78,4.32,92.9,1
T1739,Hip-Hop,0.727,0.626,0.731,0.02,0.248,86.1,-6.24,3.46,78.4,1
T1740,Pop,0.61,0.839,0.679,0.199,0.079,146.5,-6.32,3.9,68.6,0
T1741,EDM,0.752,0.99,0.482,0.22,0.149,112.3,-6.5,3.91,77.5,1
T1742,EDM,0.656,0.952,0.465,0.033,0.049,113.6,-5.12,2.78,87.6,1
T1743,EDM,0.95,0.824,0.579,0.02,0.037,124.3,-0.67,3.29,100.0,1
T1744,Rock,0.537,0.953,0.611,0.069,0.058,147.6,-2.67,3.27,67.0,0
T1745,Pop,0.681,0.609,0.387,0.095,0.054,119.7,-4.74,2.17,69.4,0
T1746,Hip-Hop,0.747,0.57,0.44,0.195,0.284,103.9,-3.72,3.51,75.2,1
T1747,Pop,0.736,0.764,0.516,0.087,0.166,115.3,-4.82,3.7,95.0,1
T1748,Acoustic,0.653,0.42,0.534,0.732,0.061,91.2,-10.38,2.84,21.3,0
T1749,R&B,0.756,0.353,0.643,0.305,0.059,121.3,-6.89,3.82,68.8,0
T1750,Acoustic,0.601,0.349,0.563,0.779,0.02,110.6,-9.12,4.35,21.8,0
T1751,Pop,0.815,0.712,0.629,0.245,0.098,125.2,-4.83,3.21,75.9,1
T1752,R&B,0.417,0.543,0.636,0.365,0.066,136.4,-6.55,3.71,45.8,0
T1753,R&B,0.6,0.544,0.634,0.362,0.135,123.1,-10.93,2.89,59.2,0
T1754,EDM,0.858,0.858,0.268,0.02,0.02,139.3,-4.85,3.37,77.3,1
T1755,Hip-Hop,0.88,0.745,0.378,0.224,0.214,116.8,-8.1,3.2,77.8,1
T1756,Pop,0.648,0.643,0.237,0.385,0.081,119.1,-3.8,3.42,77.9,1
T1757,R&B,0.48,0.268,0.593,0.416,0.044,98.2,-11.31,4.23,37.8,0
T1758,Pop,0.759,0.58,0.346,0.081,0.03,126.1,-5.94,3.62,97.8,1
T1759,Pop,0.604,0.616,0.493,0.136,0.02,104.1,-4.53,3.11,62.6,0
T1760,Pop,0.722,0.552,0.687,0.487,0.061,111.7,-3.01,3.59,83.2,1
T1761,R&B,0.639,0.354,0.491,0.042,0.072,111.8,-5.73,3.91,53.9,0
T1762,EDM,0.803,0.863,0.348,0.02,0.121,114.3,-3.9,4.01,87.5,1
T1763,Pop,0.591,0.703,0.277,0.186,0.101,125.9,-6.23,3.4,54.5,0
T1764,Rock,0.592,0.679,0.601,0.046,0.034,115.9,-8.54,4.43,61.6,0
T1765,Rock,0.498,0.806,0.506,0.127,0.02,137.4,-5.54,4.32,80.9,1
T1766,Pop,0.595,0.687,0.662,0.174,0.098,98.8,-3.91,3.57,69.3,0
T1767,Pop,0.534,0.646,0.595,0.02,0.069,103.0,-1.82,3.11,82.8,1
T1768,EDM,0.684,0.796,0.307,0.095,0.058,109.0,-3.15,4.48,89.6,1
T1769,Pop,0.63,0.778,0.339,0.308,0.09,117.8,-6.31,3.95,77.6,1
T1770,R&B,0.514,0.442,0.576,0.31,0.068,97.6,-5.17,4.18,52.5,0
T1771,Hip-Hop,0.77,0.519,0.626,0.02,0.276,89.0,-7.14,3.04,58.7,0
T1772,Hip-Hop,0.749,0.702,0.629,0.414,0.207,119.2,-8.66,2.71,77.2,1
T1773,EDM,0.704,0.881,0.654,0.088,0.082,137.8,-4.16,3.35,66.8,0
T1774,EDM,0.519,0.867,0.194,0.19,0.044,117.5,-3.61,3.99,66.8,0
T1775,Rock,0.581,0.812,0.556,0.086,0.116,118.0,-7.39,3.48,69.8,0
T1776,R&B,0.621,0.69,0.343,0.284,0.064,93.5,-7.92,2.95,42.8,0
T1777,Rock,0.549,0.98,0.271,0.104,0.072,127.5,-6.32,4.24,58.9,0
T1778,Rock,0.467,0.678,0.458,0.127,0.02,111.5,-6.37,3.95,43.3,0
T1779,Pop,0.737,0.708,0.66,0.083,0.045,122.4,-5.18,3.64,83.3,1
T1780,Pop,0.588,0.743,0.402,0.059,0.051,110.3,-7.81,1.97,83.9,1
T1781,EDM,0.591,0.824,0.44,0.02,0.057,136.4,-3.24,4.63,65.9,0
T1782,Pop,0.68,0.778,0.185,0.234,0.02,111.5,-4.13,4.08,64.9,0
T1783,Hip-Hop,0.916,0.56,0.388,0.042,0.244,98.1,-6.29,3.08,85.3,1
T1784,Rock,0.679,0.833,0.634,0.112,0.033,139.2,-5.83,5.54,73.4,1
T1785,EDM,0.749,0.8,0.25,0.147,0.048,132.2,-2.82,3.17,75.2,1
T1786,Rock,0.385,0.794,0.229,0.086,0.088,114.0,-6.76,3.67,75.4,1
T1787,R&B,0.67,0.64,0.396,0.419,0.065,100.0,-6.71,4.18,55.8,0
T1788,Hip-Hop,0.667,0.693,0.432,0.02,0.234,94.3,-5.3,3.85,77.5,1
T1789,EDM,0.463,0.913,0.36,0.146,0.048,111.2,-4.28,4.39,34.2,0
T1790,EDM,0.69,0.99,0.288,0.084,0.123,136.1,-4.85,2.96,70.4,1
T1791,R&B,0.862,0.6,0.534,0.376,0.119,111.6,-6.51,5.13,72.7,1
T1792,Rock,0.757,0.874,0.561,0.106,0.02,137.4,-7.04,5.1,73.4,1
T1793,R&B,0.737,0.604,0.358,0.319,0.103,105.6,-4.59,3.17,52.8,0
T1794,Hip-Hop,0.803,0.581,0.721,0.02,0.209,111.8,-3.59,3.02,86.6,1
T1795,Acoustic,0.556,0.368,0.467,0.99,0.069,112.9,-14.04,3.62,17.9,0
T1796,Rock,0.599,0.867,0.549,0.123,0.02,129.9,-4.15,4.07,74.2,1
T1797,Acoustic,0.599,0.302,0.5,0.793,0.02,99.6,-13.78,4.01,24.3,0
T1798,Pop,0.617,0.573,0.566,0.073,0.02,120.8,-7.67,3.89,66.8,0
T1799,Hip-Hop,0.669,0.752,0.62,0.02,0.257,90.6,-5.32,2.75,78.4,1
T1800,Acoustic,0.481,0.338,0.429,0.703,0.029,124.9,-11.78,2.97,13.7,0
T1801,EDM,0.525,0.968,0.666,0.02,0.091,91.2,-2.32,3.28,98.3,1
T1802,Rock,0.647,0.876,0.439,0.112,0.02,126.7,-7.77,3.98,67.3,0
T1803,Rock,0.417,0.906,0.771,0.188,0.098,109.6,-6.63,3.99,65.9,0
T1804,Pop,0.738,0.488,0.385,0.199,0.092,116.8,-4.94,1.74,84.0,1
T1805,Pop,0.528,0.611,0.411,0.03,0.077,135.1,-5.35,4.47,80.7,1
T1806,EDM,0.504,0.794,0.605,0.02,0.044,125.7,-2.76,3.72,77.8,1
T1807,Acoustic,0.427,0.28,0.569,0.787,0.02,108.8,-8.21,3.57,17.6,0
T1808,Pop,0.603,0.531,0.533,0.328,0.054,135.7,-3.65,3.86,77.7,1
T1809,Pop,0.601,0.658,0.563,0.226,0.087,125.7,-4.21,2.69,86.2,1
T1810,Pop,0.674,0.625,0.59,0.234,0.024,108.7,-5.35,3.03,74.9,1
T1811,Acoustic,0.446,0.218,0.454,0.773,0.029,91.5,-10.91,3.95,0.0,0
T1812,Hip-Hop,0.916,0.744,0.556,0.027,0.216,104.5,-10.48,3.17,94.1,1
T1813,R&B,0.582,0.354,0.569,0.107,0.167,116.9,-6.07,3.39,41.6,0
T1814,Pop,0.896,0.601,0.652,0.08,0.099,125.3,-6.99,4.13,62.3,0
T1815,R&B,0.717,0.493,0.477,0.229,0.117,97.1,-9.7,3.01,53.4,0
T1816,Pop,0.679,0.506,0.417,0.256,0.098,110.3,-6.7,3.89,58.8,0
T1817,Acoustic,0.584,0.203,0.403,0.66,0.02,121.9,-12.16,3.28,41.3,0
T1818,Rock,0.639,0.857,0.753,0.077,0.031,112.9,-5.92,4.45,64.9,0
T1819,Pop,0.626,0.618,0.488,0.154,0.111,113.4,-3.54,4.1,80.4,1
T1820,Hip-Hop,0.881,0.587,0.494,0.02,0.203,107.3,-6.13,3.57,83.8,1
T1821,Rock,0.456,0.946,0.584,0.123,0.069,121.0,-6.12,3.31,69.1,0
T1822,EDM,0.629,0.946,0.13,0.02,0.033,110.7,-2.84,4.22,63.0,0
T1823,Pop,0.806,0.505,0.718,0.02,0.022,109.7,-4.9,4.73,76.0,1
T1824,Hip-Hop,0.785,0.727,0.621,0.055,0.147,94.6,-9.64,4.09,65.8,0
T1825,Hip-Hop,0.929,0.662,0.591,0.023,0.133,100.1,-9.5,3.81,77.3,1
T1826,Rock,0.589,0.809,0.636,0.033,0.026,117.5,-8.64,4.57,80.2,1
T1827,R&B,0.679,0.413,0.219,0.381,0.101,101.0,-7.84,3.08,45.9,0
T1828,Hip-Hop,0.783,0.753,0.571,0.236,0.193,88.0,-6.1,3.92,91.1,1
T1829,R&B,0.652,0.609,0.65,0.195,0.02,91.3,-5.91,3.91,68.1,0
T1830,EDM,0.745,0.951,0.115,0.076,0.137,133.6,-4.58,3.56,60.1,0
T1831,Hip-Hop,0.665,0.447,0.553,0.159,0.301,87.3,-6.94,3.3,72.3,1
T1832,EDM,0.604,0.715,0.384,0.02,0.02,123.5,-3.3,4.64,71.0,1
T1833,Acoustic,0.299,0.512,0.204,0.742,0.097,110.9,-11.19,3.27,0.0,0
T1834,Pop,0.631,0.546,0.552,0.02,0.079,126.1,-5.62,3.81,77.2,1
T1835,Hip-Hop,0.822,0.369,0.564,0.281,0.276,91.2,-4.81,2.31,62.4,0
T1836,Rock,0.604,0.9,0.341,0.244,0.117,117.6,-4.08,3.8,84.7,1
T1837,EDM,0.497,0.933,0.286,0.039,0.02,110.5,-3.16,3.75,89.9,1
T1838,Acoustic,0.429,0.282,0.68,0.768,0.063,90.7,-10.38,3.59,31.2,0
T1839,EDM,0.661,0.777,0.164,0.059,0.036,123.5,-3.7,4.26,66.0,0
T1840,Hip-Hop,0.865,0.581,0.304,0.02,0.211,122.7,-6.89,3.07,63.6,0
T1841,Pop,0.738,0.64,0.589,0.154,0.075,120.5,-6.61,3.02,74.8,1
T1842,Acoustic,0.358,0.308,0.372,0.73,0.058,111.9,-7.51,3.74,19.6,0
T1843,EDM,0.663,0.99,0.126,0.132,0.058,147.8,-4.09,3.29,75.4,1
T1844,Rock,0.522,0.751,0.698,0.203,0.047,126.9,-4.35,2.79,88.2,1
T1845,Rock,0.711,0.751,0.506,0.068,0.021,133.4,-2.94,3.9,77.6,1
T1846,Rock,0.504,0.891,0.46,0.099,0.105,123.2,-9.26,3.97,36.2,0
T1847,Rock,0.513,0.987,0.551,0.279,0.022,97.9,-5.2,3.79,69.3,0
T1848,Acoustic,0.602,0.263,0.632,0.879,0.02,102.8,-8.41,3.38,32.2,0
T1849,Pop,0.685,0.672,0.273,0.061,0.069,120.3,-7.03,2.95,76.7,1
T1850,Rock,0.295,0.801,0.375,0.02,0.05,135.5,-3.4,3.86,59.2,0
T1851,EDM,0.217,0.99,0.851,0.022,0.074,97.3,-8.33,2.81,62.1,0
T1852,R&B,0.661,0.442,0.167,0.182,0.128,68.4,-7.26,3.33,63.4,0
T1853,Hip-Hop,0.99,0.785,0.49,0.142,0.269,103.7,-6.72,2.89,95.6,1
T1854,EDM,0.772,0.945,0.581,0.141,0.141,132.3,-3.5,4.02,73.7,1
T1855,EDM,0.942,0.721,0.499,0.02,0.129,117.8,0.0,3.46,85.7,1
T1856,Hip-Hop,0.763,0.477,0.462,0.061,0.258,119.2,-7.19,3.7,85.7,1
T1857,Rock,0.439,0.651,0.471,0.117,0.113,119.9,-4.71,5.17,50.4,0
T1858,R&B,0.789,0.572,0.753,0.125,0.025,76.8,-9.81,4.02,55.5,0
T1859,R&B,0.689,0.491,0.482,0.286,0.123,114.6,-9.83,2.76,54.3,0
T1860,Pop,0.705,0.65,0.627,0.02,0.023,122.7,-3.79,3.07,94.8,1
T1861,R&B,0.577,0.297,0.571,0.195,0.147,112.5,-8.5,2.38,45.2,0
T1862,Hip-Hop,0.93,0.511,0.709,0.099,0.237,106.3,-1.52,3.95,90.2,1
T1863,R&B,0.7,0.344,0.374,0.217,0.15,100.0,-6.96,2.11,37.6,0
T1864,Rock,0.615,0.844,0.655,0.061,0.064,154.7,-6.47,4.32,51.0,0
T1865,Pop,0.485,0.489,0.838,0.222,0.09,124.1,-4.45,2.48,78.7,1
T1866,Hip-Hop,0.881,0.691,0.543,0.045,0.305,105.6,-6.7,3.34,87.2,1
T1867,R&B,0.638,0.564,0.457,0.202,0.034,105.9,-2.74,3.57,57.8,0
T1868,Rock,0.368,0.958,0.436,0.02,0.02,114.9,-4.79,3.27,79.0,1
T1869,R&B,0.879,0.506,0.414,0.412,0.158,103.3,-6.13,2.95,53.9,0
T1870,Acoustic,0.628,0.458,0.342,0.74,0.02,93.4,-5.92,3.39,44.6,0
T1871,Hip-Hop,0.937,0.706,0.655,0.197,0.18,82.1,-5.95,2.67,78.1,1
T1872,Hip-Hop,0.727,0.433,0.486,0.02,0.141,118.6,-8.93,3.51,39.0,0
T1873,R&B,0.759,0.674,0.3,0.114,0.072,92.4,-7.86,4.35,59.2,0
T1874,Pop,0.99,0.704,0.335,0.112,0.02,128.3,-6.89,3.14,85.4,1
T1875,Rock,0.446,0.777,0.413,0.126,0.063,106.2,-6.14,4.96,48.5,0
T1876,Pop,0.626,0.765,0.456,0.224,0.17,107.5,-5.73,3.8,66.5,0
T1877,R&B,0.675,0.675,0.625,0.241,0.041,113.0,-4.33,5.36,73.8,1
T1878,Acoustic,0.399,0.348,0.317,0.667,0.046,124.0,-8.95,4.33,15.6,0
T1879,Pop,0.723,0.626,0.695,0.136,0.039,121.3,-5.76,3.72,78.6,1
T1880,Pop,0.686,0.595,0.386,0.231,0.057,114.6,-0.57,3.24,76.0,1
T1881,Pop,0.837,0.813,0.377,0.306,0.103,112.1,-3.94,4.07,85.6,1
T1882,EDM,0.979,0.756,0.495,0.064,0.09,145.3,-5.91,3.7,91.8,1
T1883,Rock,0.494,0.741,0.541,0.02,0.02,124.5,-7.34,5.04,58.6,0
T1884,Rock,0.55,0.874,0.842,0.084,0.073,110.1,-8.88,4.06,90.0,1
T1885,EDM,0.867,0.99,0.426,0.02,0.146,130.5,-2.08,4.88,94.5,1
T1886,R&B,0.851,0.674,0.434,0.139,0.071,119.1,-6.74,4.09,53.0,0
T1887,Hip-Hop,0.882,0.648,0.362,0.106,0.217,119.9,-5.8,2.77,70.2,1
T1888,Rock,0.586,0.91,0.331,0.02,0.068,95.1,-7.13,3.16,65.2,0
T1889,Pop,0.696,0.929,0.766,0.172,0.133,100.7,0.0,4.36,91.9,1
T1890,R&B,0.524,0.504,0.244,0.402,0.127,98.0,-5.43,3.04,39.4,0
T1891,EDM,0.643,0.934,0.356,0.141,0.134,113.3,-4.37,3.42,72.0,1
T1892,Hip-Hop,0.99,0.602,0.578,0.158,0.215,129.1,-9.0,2.79,73.8,1
T1893,Hip-Hop,0.651,0.714,0.254,0.148,0.209,97.7,-5.35,3.69,73.9,1
T1894,Hip-Hop,0.848,0.606,0.324,0.02,0.237,102.1,-6.67,2.54,86.6,1
T1895,R&B,0.794,0.538,0.381,0.343,0.125,98.4,-8.75,4.0,57.1,0
T1896,Hip-Hop,0.768,0.698,0.473,0.091,0.186,106.0,-7.74,2.66,60.1,0
T1897,Acoustic,0.488,0.178,0.382,0.691,0.086,127.0,-13.72,3.82,9.7,0
T1898,Hip-Hop,0.802,0.678,0.572,0.139,0.284,102.9,-6.7,3.45,71.2,1
T1899,Hip-Hop,0.976,0.539,0.757,0.109,0.225,105.1,-4.49,3.74,72.0,1
T1900,Pop,0.754,0.774,0.311,0.344,0.13,117.3,-7.19,4.14,73.3,1
T1901,Hip-Hop,0.721,0.811,0.384,0.235,0.188,113.9,-11.49,2.73,68.4,0
T1902,Rock,0.51,0.698,0.488,0.05,0.037,108.6,-8.32,4.79,49.0,0
T1903,EDM,0.62,0.963,0.447,0.02,0.059,120.0,-5.87,3.99,69.7,0
T1904,Acoustic,0.473,0.315,0.363,0.613,0.036,114.7,-11.36,4.23,6.2,0
T1905,Hip-Hop,0.854,0.606,0.293,0.145,0.25,104.4,-7.47,3.01,60.1,0
T1906,R&B,0.489,0.509,0.514,0.205,0.076,105.6,-7.51,4.25,50.9,0
T1907,Pop,0.884,0.44,0.396,0.117,0.103,96.9,-4.57,2.95,87.7,1
T1908,EDM,0.621,0.768,0.317,0.02,0.048,132.6,-5.64,3.75,68.1,0
T1909,Acoustic,0.415,0.412,0.405,0.903,0.11,106.6,-13.09,3.63,8.4,0
T1910,Rock,0.44,0.788,0.374,0.02,0.086,129.6,-5.14,4.94,64.9,0
T1911,Acoustic,0.456,0.358,0.582,0.651,0.052,124.0,-10.71,4.21,10.1,0
T1912,Pop,0.67,0.646,0.59,0.068,0.065,102.5,-4.74,2.38,97.4,1
T1913,Hip-Hop,0.99,0.579,0.603,0.282,0.222,96.9,-5.87,3.09,86.6,1
T1914,Pop,0.759,0.503,0.265,0.101,0.105,119.2,-6.99,4.29,68.2,0
T1915,R&B,0.546,0.375,0.253,0.264,0.09,100.3,-7.43,4.6,39.9,0
T1916,Hip-Hop,0.936,0.511,0.615,0.154,0.198,110.2,-4.88,3.26,77.4,1
T1917,EDM,0.67,0.734,0.478,0.02,0.055,133.9,-5.44,4.03,68.0,0
T1918,EDM,0.667,0.842,0.427,0.049,0.02,126.4,-3.63,3.93,74.1,1
T1919,Pop,0.793,0.502,0.622,0.02,0.02,111.6,-7.53,2.86,65.9,0
T1920,Acoustic,0.612,0.177,0.546,0.715,0.037,106.5,-13.83,4.15,36.1,0
T1921,Pop,0.744,0.787,0.78,0.02,0.034,119.1,-8.43,3.23,92.6,1
T1922,Rock,0.489,0.739,0.473,0.02,0.112,101.9,-6.09,3.53,57.4,0
T1923,Rock,0.585,0.847,0.462,0.122,0.122,128.5,-2.32,3.6,70.6,1
T1924,EDM,0.5,0.841,0.455,0.131,0.035,151.5,-5.24,4.2,66.0,0
T1925,Hip-Hop,0.813,0.41,0.403,0.02,0.166,91.9,-6.47,3.94,69.2,0
T1926,Pop,0.758,0.672,0.461,0.091,0.085,120.8,-7.16,2.98,72.5,1
T1927,Pop,0.699,0.51,0.654,0.275,0.065,109.6,-7.72,3.56,69.7,0
T1928,EDM,0.912,0.933,0.656,0.257,0.02,133.5,-3.85,3.23,69.9,0
T1929,Pop,0.569,0.722,0.767,0.151,0.181,117.6,-7.45,3.26,62.4,0
T1930,Pop,0.91,0.627,0.584,0.27,0.129,111.3,-4.81,3.69,67.1,0
T1931,Acoustic,0.573,0.267,0.32,0.793,0.02,116.6,-13.23,3.48,19.0,0
T1932,Hip-Hop,0.856,0.522,0.617,0.08,0.179,96.6,-8.57,3.43,62.5,0
T1933,Acoustic,0.547,0.218,0.303,0.886,0.026,133.8,-12.09,3.48,9.5,0
T1934,R&B,0.709,0.463,0.65,0.152,0.117,106.8,-8.72,3.81,58.7,0
T1935,Hip-Hop,0.765,0.66,0.501,0.021,0.202,84.9,-6.45,1.93,80.9,1
T1936,Acoustic,0.465,0.42,0.245,0.907,0.026,110.0,-11.21,3.82,23.3,0
T1937,EDM,0.651,0.99,0.546,0.1,0.02,124.7,-6.25,3.52,95.9,1
T1938,Hip-Hop,0.726,0.671,0.353,0.081,0.257,88.0,-5.51,2.94,70.8,1
T1939,Hip-Hop,0.675,0.316,0.556,0.02,0.269,119.5,-3.58,2.67,72.7,1
T1940,Acoustic,0.334,0.279,0.799,0.608,0.032,115.2,-9.26,3.18,23.4,0
T1941,Hip-Hop,0.705,0.763,0.463,0.221,0.242,87.8,-3.84,3.23,82.9,1
T1942,Hip-Hop,0.97,0.732,0.829,0.289,0.224,99.5,-3.55,2.82,81.4,1
T1943,Pop,0.812,0.673,0.756,0.128,0.063,105.4,-2.96,2.88,84.6,1
T1944,Pop,0.765,0.49,0.466,0.114,0.02,122.5,-6.74,2.29,74.6,1
T1945,Hip-Hop,0.799,0.715,0.332,0.158,0.258,89.2,-4.13,4.47,63.2,0
T1946,Pop,0.881,0.67,0.489,0.083,0.02,114.4,-4.6,3.46,90.3,1
T1947,Acoustic,0.47,0.296,0.463,0.99,0.053,109.6,-13.76,3.38,0.0,0
T1948,Acoustic,0.392,0.165,0.461,0.848,0.083,101.2,-11.44,3.94,0.0,0
T1949,Rock,0.519,0.724,0.603,0.02,0.071,109.1,-8.58,4.56,68.5,0
T1950,Acoustic,0.587,0.258,0.232,0.842,0.02,112.9,-11.84,3.18,36.4,0
T1951,Pop,0.716,0.76,0.585,0.02,0.04,151.7,-4.06,3.08,74.4,1
T1952,Pop,0.762,0.732,0.351,0.138,0.146,128.1,-5.94,3.19,75.4,1
T1953,EDM,0.625,0.938,0.406,0.02,0.134,128.6,-2.96,3.78,63.0,0
T1954,Pop,0.585,0.734,0.469,0.316,0.05,138.5,-3.36,2.54,69.5,0
T1955,Hip-Hop,0.662,0.524,0.39,0.209,0.201,94.3,-4.95,2.16,71.8,1
T1956,R&B,0.742,0.594,0.661,0.211,0.208,93.1,-7.6,3.18,50.3,0
T1957,Acoustic,0.478,0.293,0.44,0.969,0.126,127.7,-8.92,2.67,0.0,0
T1958,Rock,0.502,0.865,0.961,0.061,0.149,116.6,-1.55,4.1,67.3,0
T1959,Hip-Hop,0.697,0.69,0.541,0.406,0.198,91.9,-6.4,3.15,57.8,0
T1960,Rock,0.581,0.824,0.391,0.213,0.068,136.1,-4.63,3.82,73.6,1
T1961,Pop,0.775,0.735,0.548,0.208,0.088,123.4,-3.07,3.43,87.4,1
T1962,R&B,0.53,0.772,0.513,0.205,0.096,102.0,-5.94,3.22,57.6,0
T1963,Hip-Hop,0.787,0.757,0.644,0.052,0.107,90.8,-5.29,3.83,95.2,1
T1964,EDM,0.795,0.587,0.433,0.02,0.051,135.6,-4.89,3.16,86.2,1
T1965,EDM,0.689,0.857,0.325,0.02,0.02,127.3,-5.15,3.75,80.0,1
T1966,EDM,0.777,0.699,0.56,0.179,0.045,119.4,-3.16,3.97,84.7,1
T1967,Pop,0.64,0.67,0.247,0.382,0.02,124.9,-4.55,2.86,81.2,1
T1968,EDM,0.67,0.831,0.41,0.02,0.02,111.4,-4.38,3.07,91.1,1
T1969,Pop,0.684,0.492,0.595,0.14,0.052,120.0,-6.6,3.15,68.2,0
T1970,Pop,0.954,0.691,0.605,0.06,0.02,110.4,-7.31,3.57,69.8,0
T1971,Pop,0.79,0.914,0.591,0.245,0.02,115.4,-2.68,3.33,94.1,1
T1972,Acoustic,0.32,0.321,0.252,0.865,0.066,101.5,-10.99,4.12,3.1,0
T1973,Pop,0.739,0.71,0.541,0.054,0.136,132.7,0.0,3.31,98.5,1
T1974,R&B,0.485,0.399,0.488,0.232,0.058,93.6,-7.41,4.12,43.1,0
T1975,Rock,0.451,0.762,0.617,0.112,0.02,139.8,-7.35,2.99,60.5,0
T1976,Pop,0.889,0.615,0.555,0.233,0.072,132.6,-6.02,4.08,92.6,1
T1977,Pop,0.78,0.726,0.65,0.062,0.042,124.0,-6.28,3.41,100.0,1
T1978,EDM,0.785,0.99,0.603,0.02,0.057,127.8,-2.34,3.68,86.9,1
T1979,Pop,0.812,0.514,0.491,0.323,0.087,130.3,-4.59,4.3,73.1,1
T1980,Pop,0.629,0.576,0.612,0.166,0.02,118.1,-5.57,3.07,54.5,0
T1981,Hip-Hop,0.72,0.865,0.545,0.1,0.248,91.6,-3.01,3.42,82.7,1
T1982,Rock,0.519,0.887,0.399,0.083,0.02,115.1,-4.03,3.75,70.4,1
T1983,Acoustic,0.496,0.556,0.281,0.915,0.039,126.8,-10.67,4.03,20.9,0
T1984,Acoustic,0.598,0.399,0.658,0.878,0.02,115.9,-7.92,2.81,33.6,0
T1985,Hip-Hop,0.746,0.734,0.396,0.204,0.182,88.4,-8.28,3.85,67.0,0
T1986,Hip-Hop,0.707,0.559,0.696,0.02,0.187,91.6,-3.43,3.36,92.2,1
T1987,Rock,0.655,0.849,0.413,0.133,0.083,125.9,-5.59,4.28,74.1,1
T1988,Rock,0.499,0.67,0.62,0.362,0.134,113.3,-5.62,3.89,48.1,0
T1989,Pop,0.673,0.874,0.537,0.195,0.057,120.3,-5.76,3.69,87.2,1
T1990,Rock,0.588,0.717,0.364,0.02,0.124,103.1,-5.19,3.85,46.7,0
T1991,R&B,0.602,0.5,0.559,0.404,0.104,81.6,-9.3,3.34,53.6,0
T1992,Pop,0.814,0.713,0.515,0.149,0.116,121.4,-6.61,4.17,69.4,0
T1993,Rock,0.676,0.823,0.544,0.11,0.098,144.6,-6.43,4.78,58.4,0
T1994,Acoustic,0.579,0.398,0.143,0.765,0.081,98.8,-12.1,4.08,0.0,0
T1995,Hip-Hop,0.888,0.53,0.562,0.223,0.271,102.0,-6.64,3.13,93.5,1
T1996,Hip-Hop,0.8,0.486,0.247,0.024,0.196,101.4,-5.83,2.78,73.0,1
T1997,EDM,0.908,0.772,0.373,0.02,0.086,110.5,-5.94,3.1,76.5,1
T1998,Acoustic,0.421,0.342,0.316,0.822,0.081,99.7,-15.24,4.38,0.0,0
T1999,Hip-Hop,0.768,0.671,0.565,0.342,0.201,87.8,-6.16,2.12,45.3,0
T2000,EDM,0.772,0.67,0.734,0.02,0.081,126.9,-4.7,3.78,63.7,0
T2001,EDM,0.742,0.877,0.403,0.02,0.07,122.2,-6.29,3.68,65.2,0
T2002,Acoustic,0.752,0.12,0.314,0.658,0.061,91.3,-10.82,3.38,0.0,0
T2003,Hip-Hop,0.909,0.77,0.204,0.02,0.214,101.1,-5.65,4.19,92.5,1
T2004,Pop,0.772,0.766,0.45,0.042,0.138,121.5,-8.48,4.13,75.5,1
T2005,Pop,0.796,0.697,0.355,0.15,0.093,98.6,-4.22,3.62,95.1,1
T2006,Rock,0.649,0.901,0.701,0.211,0.093,122.1,-4.56,3.6,83.7,1
T2007,Pop,0.755,0.716,0.666,0.119,0.115,104.6,-6.69,3.6,73.0,1
T2008,Hip-Hop,0.771,0.99,0.511,0.02,0.289,91.6,-6.92,3.22,84.7,1
T2009,Hip-Hop,0.688,0.681,0.46,0.02,0.192,129.6,-7.22,3.19,81.1,1
T2010,Hip-Hop,0.876,0.604,0.285,0.101,0.191,94.6,-8.83,3.87,63.5,0
T2011,Pop,0.894,0.46,0.486,0.157,0.185,101.8,-3.26,2.95,69.5,0
T2012,Pop,0.817,0.819,0.744,0.02,0.02,121.9,-6.35,4.05,100.0,1
T2013,Acoustic,0.471,0.139,0.645,0.967,0.126,95.0,-12.56,3.08,11.9,0
T2014,R&B,0.706,0.551,0.368,0.235,0.2,100.3,-4.55,3.19,58.4,0
T2015,Hip-Hop,0.645,0.78,0.712,0.03,0.229,94.4,-6.98,3.02,67.0,0
T2016,Acoustic,0.301,0.33,0.077,0.877,0.02,111.3,-9.84,4.96,0.0,0
T2017,Rock,0.307,0.83,0.552,0.104,0.053,106.6,-7.62,4.13,70.6,1
T2018,Hip-Hop,0.715,0.538,0.421,0.165,0.182,99.0,-1.87,2.45,74.9,1
T2019,Pop,0.683,0.837,0.511,0.188,0.091,104.8,-6.12,2.87,71.3,1
T2020,R&B,0.698,0.382,0.543,0.279,0.11,87.1,-8.01,2.97,39.8,0
T2021,Pop,0.709,0.899,0.639,0.02,0.041,110.6,-7.0,3.53,98.3,1
T2022,R&B,0.474,0.533,0.635,0.301,0.062,89.9,-5.47,4.33,59.2,0
T2023,Rock,0.296,0.99,0.56,0.136,0.109,105.8,-8.1,3.75,58.2,0
T2024,R&B,0.867,0.429,0.464,0.268,0.14,108.8,-8.8,2.62,53.5,0
T2025,Acoustic,0.503,0.156,0.401,0.817,0.054,102.9,-9.15,4.35,4.5,0
T2026,Pop,0.851,0.709,0.768,0.224,0.11,135.1,-5.43,3.73,99.6,1
T2027,Pop,0.707,0.708,0.931,0.242,0.06,96.8,-3.18,2.63,100.0,1
T2028,EDM,0.773,0.736,0.37,0.125,0.068,156.1,-2.75,3.57,74.7,1
T2029,Acoustic,0.495,0.394,0.322,0.787,0.02,118.4,-11.34,4.55,4.7,0
T2030,Rock,0.695,0.952,0.842,0.171,0.02,133.1,-8.56,4.33,65.7,0
T2031,Rock,0.521,0.736,0.505,0.104,0.02,113.2,-3.4,4.39,74.4,1
T2032,EDM,0.633,0.889,0.043,0.277,0.114,115.6,0.0,3.09,70.9,1
T2033,Pop,0.7,0.644,0.8,0.266,0.126,117.9,-4.01,4.02,76.4,1
T2034,Rock,0.424,0.99,0.585,0.149,0.02,123.2,-5.15,4.47,68.4,0
T2035,Hip-Hop,0.731,0.621,0.691,0.082,0.28,109.7,-2.24,3.68,88.4,1
T2036,EDM,0.442,0.99,0.692,0.027,0.034,128.2,-8.56,3.89,72.0,1
T2037,EDM,0.717,0.811,0.698,0.123,0.089,144.8,-4.18,4.01,76.1,1
T2038,Acoustic,0.5,0.38,0.42,0.667,0.066,107.5,-12.04,3.16,4.9,0
T2039,EDM,0.766,0.931,0.449,0.02,0.02,127.6,-5.54,4.71,99.2,1
T2040,Hip-Hop,0.797,0.619,0.558,0.061,0.224,121.4,-6.68,4.35,71.4,1
T2041,EDM,0.895,0.92,0.276,0.167,0.076,132.8,-3.77,4.17,76.9,1
T2042,Hip-Hop,0.895,0.383,0.355,0.02,0.144,104.6,-5.7,3.27,77.6,1
T2043,Pop,0.728,0.791,0.836,0.04,0.02,105.8,-4.77,2.69,88.5,1
T2044,Hip-Hop,0.786,0.387,0.53,0.158,0.237,93.8,-8.61,3.24,58.5,0
T2045,Acoustic,0.517,0.184,0.291,0.964,0.083,129.8,-11.32,2.83,23.4,0
T2046,Rock,0.585,0.752,0.658,0.02,0.074,113.2,-5.51,3.18,51.3,0
T2047,Hip-Hop,0.729,0.699,0.49,0.142,0.111,130.2,-7.3,2.61,62.6,0
T2048,Acoustic,0.444,0.08,0.357,0.889,0.059,101.7,-9.95,3.93,9.8,0
T2049,Pop,0.769,0.524,0.371,0.203,0.118,128.5,-3.75,4.0,100.0,1
T2050,EDM,0.638,0.96,0.472,0.203,0.148,124.0,-2.19,3.77,86.4,1
T2051,R&B,0.649,0.478,0.358,0.13,0.102,112.0,-8.52,3.89,54.4,0
T2052,Acoustic,0.469,0.411,0.291,0.673,0.146,118.3,-8.63,3.95,28.6,0
T2053,EDM,0.983,0.911,0.425,0.235,0.02,153.7,-3.73,4.13,81.6,1
T2054,Hip-Hop,0.726,0.518,0.355,0.045,0.296,109.5,-7.06,2.83,69.8,0
T2055,Pop,0.806,0.757,0.522,0.137,0.048,115.0,-5.81,3.35,92.4,1
T2056,Hip-Hop,0.858,0.562,0.466,0.02,0.238,92.5,-5.66,3.04,54.5,0
T2057,Pop,0.598,0.604,0.523,0.275,0.023,93.9,-2.84,4.54,66.5,0
T2058,EDM,0.743,0.959,0.437,0.125,0.02,142.8,-6.09,3.94,49.9,0
T2059,R&B,0.695,0.716,0.637,0.307,0.076,88.9,-8.68,2.6,51.8,0
T2060,Acoustic,0.447,0.163,0.153,0.893,0.08,110.1,-11.63,3.39,0.0,0
T2061,EDM,0.705,0.832,0.426,0.243,0.029,143.3,-4.08,4.59,78.6,1
T2062,EDM,0.751,0.812,0.698,0.02,0.164,120.7,-4.95,3.78,79.5,1
T2063,Pop,0.59,0.99,0.556,0.031,0.126,118.8,-6.83,3.75,70.1,1
T2064,Rock,0.398,0.939,0.545,0.071,0.02,141.7,-1.31,4.4,78.5,1
T2065,R&B,0.811,0.549,0.596,0.257,0.104,88.2,-6.14,3.44,100.0,1
T2066,Pop,0.679,0.83,0.412,0.02,0.02,130.5,-3.98,2.08,91.5,1
T2067,Hip-Hop,0.667,0.767,0.493,0.099,0.132,103.0,-5.28,3.85,92.5,1
T2068,Acoustic,0.312,0.446,0.413,0.845,0.02,125.9,-10.23,4.8,13.7,0
T2069,Rock,0.77,0.776,0.643,0.02,0.02,112.1,-6.51,2.98,83.3,1
T2070,Hip-Hop,0.706,0.567,0.816,0.156,0.201,104.4,-6.89,3.09,61.0,0
T2071,Rock,0.439,0.878,0.667,0.061,0.02,105.6,-9.37,4.4,65.3,0
T2072,EDM,0.826,0.875,0.624,0.02,0.135,118.9,-6.73,2.24,76.6,1
T2073,Acoustic,0.408,0.281,0.166,0.815,0.029,99.2,-11.27,4.21,6.5,0
T2074,EDM,0.788,0.692,0.327,0.07,0.02,110.9,-3.56,4.83,83.0,1
T2075,R&B,0.778,0.525,0.253,0.173,0.049,90.4,-8.25,3.94,54.3,0
T2076,Hip-Hop,0.678,0.679,0.59,0.089,0.093,109.6,-5.46,3.15,71.7,1
T2077,Pop,0.854,0.689,0.406,0.178,0.101,127.1,-7.46,3.48,77.0,1
T2078,Hip-Hop,0.973,0.482,0.571,0.112,0.276,114.8,-4.26,2.64,86.3,1
T2079,R&B,0.675,0.498,0.553,0.194,0.034,95.3,-5.21,4.72,68.2,0
T2080,Hip-Hop,0.738,0.571,0.461,0.082,0.248,99.4,-4.41,3.05,64.5,0
T2081,Hip-Hop,0.979,0.673,0.716,0.02,0.261,89.2,-12.22,3.49,59.2,0
T2082,Hip-Hop,0.839,0.592,0.48,0.252,0.29,82.0,-7.62,2.38,75.5,1
T2083,Pop,0.867,0.818,0.618,0.168,0.02,129.2,-3.31,3.04,89.4,1
T2084,Rock,0.35,0.836,0.594,0.056,0.05,89.4,-5.26,3.38,75.3,1
T2085,R&B,0.751,0.762,0.405,0.238,0.076,102.6,-6.88,3.98,57.2,0
T2086,Rock,0.467,0.775,0.445,0.04,0.073,124.2,-7.13,2.82,43.5,0
T2087,Acoustic,0.493,0.275,0.742,0.815,0.02,102.3,-10.94,4.38,18.5,0
T2088,Pop,0.711,0.77,0.52,0.443,0.02,111.6,-5.02,3.38,69.6,0
T2089,Rock,0.368,0.903,0.567,0.059,0.07,101.5,-9.22,4.38,58.8,0
T2090,Rock,0.363,0.872,0.533,0.19,0.089,123.1,-6.12,4.44,48.9,0
T2091,EDM,0.486,0.929,0.291,0.02,0.064,115.9,-6.62,4.92,61.6,0
T2092,Rock,0.475,0.865,0.171,0.103,0.057,109.1,-6.56,3.59,66.1,0
T2093,Pop,0.667,0.702,0.613,0.121,0.02,111.2,-5.52,3.59,69.2,0
T2094,R&B,0.598,0.521,0.177,0.471,0.061,118.1,-4.73,3.69,46.7,0
T2095,Acoustic,0.488,0.341,0.585,0.777,0.023,105.1,-12.79,2.43,9.4,0
T2096,EDM,0.686,0.801,0.44,0.225,0.135,137.2,-5.15,4.53,91.0,1
T2097,Hip-Hop,0.779,0.878,0.246,0.131,0.118,118.2,-5.26,3.71,80.7,1
T2098,EDM,0.731,0.876,0.453,0.02,0.08,128.9,-1.94,3.93,65.3,0
T2099,R&B,0.571,0.646,0.636,0.31,0.043,82.5,-7.45,4.05,58.6,0
T2100,Hip-Hop,0.858,0.661,0.437,0.02,0.245,114.9,-4.74,2.74,78.1,1
T2101,Hip-Hop,0.663,0.787,0.545,0.121,0.371,107.1,-4.05,3.56,64.6,0
T2102,EDM,0.762,0.854,0.455,0.02,0.116,148.7,-2.52,3.65,90.3,1
T2103,Hip-Hop,0.627,0.463,0.591,0.148,0.24,103.7,-8.7,2.94,63.7,0
T2104,EDM,0.743,0.763,0.506,0.116,0.054,119.3,-4.81,4.18,77.1,1
T2105,R&B,0.617,0.826,0.444,0.184,0.109,95.5,-5.24,3.97,68.8,0
T2106,Acoustic,0.439,0.071,0.654,0.966,0.17,132.7,-9.93,3.23,2.5,0
T2107,EDM,0.743,0.605,0.462,0.135,0.12,148.5,-5.06,3.47,72.9,1
T2108,Pop,0.746,0.616,0.403,0.308,0.1,111.0,-5.93,3.49,89.8,1
T2109,EDM,0.669,0.639,0.466,0.046,0.158,115.2,-6.76,3.86,73.5,1
T2110,Rock,0.35,0.596,0.734,0.184,0.081,135.3,-3.73,3.78,63.1,0
T2111,EDM,0.824,0.902,0.52,0.02,0.095,121.7,-4.68,4.02,77.7,1
T2112,Pop,0.694,0.731,0.621,0.322,0.02,101.9,-4.41,4.34,84.0,1
T2113,EDM,0.688,0.954,0.619,0.096,0.089,121.5,0.0,3.77,100.0,1
T2114,EDM,0.735,0.623,0.045,0.284,0.063,151.1,-6.43,3.55,57.7,0
T2115,Hip-Hop,0.766,0.466,0.482,0.02,0.171,82.1,-6.65,2.07,72.4,1
T2116,Pop,0.726,0.708,0.561,0.217,0.098,113.6,-0.98,3.94,68.7,0
T2117,EDM,0.657,0.827,0.623,0.02,0.056,128.5,-7.61,4.06,77.9,1
T2118,Rock,0.217,0.814,0.38,0.031,0.02,119.6,-8.02,4.42,33.1,0
T2119,EDM,0.57,0.842,0.408,0.386,0.021,122.6,-2.85,4.53,41.3,0
T2120,Rock,0.614,0.791,0.612,0.02,0.039,95.3,-4.37,3.54,68.0,0
T2121,Pop,0.816,0.591,0.677,0.23,0.085,116.6,-4.52,3.82,71.5,1
T2122,R&B,0.519,0.617,0.538,0.4,0.081,95.1,-3.2,4.21,73.5,1
T2123,Rock,0.499,0.888,0.467,0.02,0.044,90.2,-7.11,4.69,71.1,1
T2124,Rock,0.578,0.99,0.452,0.124,0.021,97.2,-8.28,3.46,73.5,1
T2125,EDM,0.705,0.854,0.493,0.09,0.091,130.3,-4.98,4.45,73.9,1
T2126,Acoustic,0.392,0.237,0.499,0.817,0.021,107.8,-10.58,3.27,17.9,0
T2127,Pop,0.505,0.898,0.496,0.146,0.073,114.3,-5.11,3.7,90.6,1
T2128,Rock,0.687,0.705,0.438,0.093,0.09,144.5,-6.53,4.0,44.6,0
T2129,Acoustic,0.658,0.342,0.434,0.99,0.043,118.5,-11.38,2.32,6.4,0
T2130,Pop,0.659,0.551,0.804,0.244,0.065,130.3,-7.0,3.69,62.7,0
T2131,Acoustic,0.471,0.265,0.359,0.886,0.045,89.3,-12.89,3.65,24.3,0
T2132,Acoustic,0.39,0.368,0.44,0.99,0.077,112.1,-12.09,3.16,7.4,0
T2133,Hip-Hop,0.63,0.757,0.733,0.092,0.326,109.6,-4.05,3.12,77.9,1
T2134,Rock,0.527,0.736,0.66,0.033,0.021,118.6,-8.33,4.76,65.0,0
T2135,Rock,0.557,0.645,0.343,0.061,0.077,142.2,-7.42,3.69,35.2,0
T2136,EDM,0.723,0.925,0.723,0.02,0.02,115.5,-3.92,4.01,100.0,1
T2137,Acoustic,0.507,0.517,0.119,0.976,0.038,105.6,-13.61,3.9,0.0,0
T2138,Pop,0.713,0.737,0.596,0.144,0.064,125.4,-7.2,3.37,67.9,0
T2139,R&B,0.644,0.68,0.82,0.072,0.108,119.9,-9.97,3.48,60.4,0
T2140,Pop,0.768,0.448,0.364,0.195,0.034,83.0,-1.83,2.15,54.8,0
T2141,Pop,0.737,0.565,0.526,0.251,0.107,128.7,-5.39,3.37,74.1,1
T2142,Hip-Hop,0.742,0.486,0.511,0.033,0.249,103.8,-6.77,2.82,71.0,1
T2143,Pop,0.752,0.681,0.6,0.02,0.02,111.9,-5.47,3.67,67.3,0
T2144,Acoustic,0.501,0.194,0.314,0.684,0.084,114.8,-13.0,4.55,3.7,0
T2145,EDM,0.869,0.848,0.567,0.02,0.021,126.5,-4.78,3.64,85.8,1
T2146,EDM,0.824,0.907,0.956,0.033,0.09,128.4,-5.36,3.52,84.1,1
T2147,R&B,0.553,0.464,0.335,0.02,0.108,85.5,-6.49,3.62,54.3,0
T2148,Hip-Hop,0.789,0.642,0.616,0.02,0.278,110.9,-8.63,2.64,53.4,0
T2149,Rock,0.657,0.99,0.879,0.155,0.144,118.1,-5.1,3.07,93.8,1
T2150,EDM,0.86,0.685,0.377,0.02,0.02,115.1,-0.07,4.13,100.0,1
T2151,Hip-Hop,0.99,0.6,0.368,0.167,0.243,102.5,-7.09,3.22,73.0,1
T2152,Hip-Hop,0.823,0.456,0.584,0.146,0.166,119.7,-5.64,3.14,68.0,0
T2153,Hip-Hop,0.834,0.522,0.42,0.165,0.275,123.3,-2.77,3.55,59.1,0
T2154,Pop,0.715,0.753,0.498,0.203,0.022,108.9,-6.6,3.73,93.5,1
T2155,EDM,0.824,0.954,0.414,0.02,0.096,124.1,-2.26,4.69,80.3,1
T2156,Pop,0.844,0.708,0.606,0.192,0.162,131.0,-7.05,1.56,65.2,0
T2157,Rock,0.5,0.89,0.513,0.02,0.02,96.2,-5.08,4.08,77.1,1
T2158,EDM,0.6,0.783,0.641,0.063,0.093,136.9,-2.92,4.4,63.6,0
T2159,Acoustic,0.28,0.338,0.216,0.589,0.124,106.0,-11.82,3.04,0.0,0
T2160,Hip-Hop,0.725,0.635,0.31,0.32,0.169,96.2,-3.88,3.73,89.7,1
T2161,Rock,0.582,0.743,0.585,0.035,0.121,123.2,-6.99,3.84,80.1,1
T2162,Hip-Hop,0.728,0.609,0.473,0.091,0.187,104.0,-3.49,2.5,81.2,1
T2163,EDM,0.814,0.686,0.34,0.144,0.087,124.0,-3.73,3.44,71.9,1
T2164,Rock,0.602,0.85,0.557,0.123,0.02,100.5,-4.95,4.03,73.1,1
T2165,Pop,0.578,0.769,0.596,0.069,0.124,93.5,-2.51,3.33,86.4,1
T2166,R&B,0.801,0.632,0.413,0.077,0.094,95.0,-7.49,3.39,70.2,1
T2167,EDM,0.757,0.563,0.464,0.059,0.02,129.6,-3.59,4.02,68.6,0
T2168,Hip-Hop,0.957,0.53,0.508,0.115,0.293,90.2,-5.95,2.42,74.9,1
T2169,Pop,0.714,0.754,0.264,0.162,0.082,131.2,-4.89,2.87,75.0,1
T2170,Rock,0.258,0.681,0.497,0.232,0.091,136.8,-8.2,3.78,11.9,0
T2171,EDM,0.797,0.99,0.371,0.239,0.047,123.3,-4.2,2.79,69.9,0
T2172,EDM,0.717,0.921,0.517,0.302,0.058,114.7,-1.02,4.15,74.7,1
T2173,EDM,0.481,0.99,0.228,0.02,0.02,135.6,-4.17,4.73,53.6,0
T2174,Hip-Hop,0.841,0.735,0.54,0.144,0.131,87.6,-3.89,3.01,84.0,1
T2175,Acoustic,0.618,0.288,0.418,0.693,0.068,88.0,-12.47,2.5,10.5,0
T2176,Pop,0.615,0.717,0.578,0.101,0.037,96.7,-7.32,3.55,65.8,0
T2177,Pop,0.589,0.64,0.461,0.02,0.103,111.6,-4.0,3.17,75.1,1
T2178,Rock,0.563,0.683,0.642,0.397,0.057,114.4,-5.82,3.42,75.7,1
T2179,Rock,0.399,0.95,0.701,0.02,0.087,132.7,-5.73,3.54,69.8,0
T2180,Acoustic,0.446,0.587,0.456,0.902,0.028,92.0,-8.66,3.66,8.6,0
T2181,Pop,0.91,0.493,0.613,0.172,0.075,98.1,-4.22,2.49,86.3,1
T2182,R&B,0.5,0.58,0.25,0.168,0.04,123.8,-6.18,3.87,68.2,0
T2183,Rock,0.517,0.738,0.654,0.109,0.02,127.9,-7.54,5.62,37.3,0
T2184,Acoustic,0.578,0.323,0.414,0.99,0.117,91.4,-11.47,3.7,14.6,0
T2185,R&B,0.639,0.507,0.339,0.35,0.22,93.3,-4.7,3.18,58.2,0
T2186,Hip-Hop,0.704,0.803,0.648,0.021,0.242,115.7,-6.82,2.3,89.7,1
T2187,Pop,0.864,0.844,0.473,0.356,0.118,127.7,-4.49,2.28,72.3,1
T2188,Pop,0.551,0.684,0.692,0.162,0.062,130.9,-6.54,3.64,81.6,1
T2189,Hip-Hop,0.751,0.565,0.463,0.029,0.133,104.3,-8.93,2.81,46.7,0
T2190,Acoustic,0.535,0.359,0.485,0.721,0.03,106.6,-9.28,3.93,25.2,0
T2191,R&B,0.662,0.596,0.388,0.418,0.135,121.3,-6.21,3.55,57.2,0
T2192,R&B,0.583,0.695,0.369,0.463,0.14,85.1,-8.99,3.62,27.1,0
T2193,Hip-Hop,0.61,0.606,0.598,0.09,0.208,70.7,-4.84,4.04,77.6,1
T2194,Rock,0.661,0.824,0.712,0.104,0.02,125.0,-5.63,5.12,58.0,0
T2195,Hip-Hop,0.815,0.61,0.458,0.264,0.23,89.0,-10.03,3.45,57.0,0
T2196,Pop,0.828,0.543,0.719,0.107,0.02,145.2,-4.89,3.29,88.3,1
T2197,R&B,0.838,0.613,0.389,0.155,0.038,106.3,-8.12,3.76,51.5,0
T2198,Pop,0.761,0.599,0.411,0.283,0.02,153.0,-5.07,3.6,67.4,0
T2199,Rock,0.518,0.867,0.408,0.281,0.02,109.0,-8.58,4.1,64.2,0
T2200,Hip-Hop,0.883,0.725,0.471,0.082,0.233,87.3,-4.43,2.32,74.1,1
T2201,EDM,0.703,0.99,0.62,0.201,0.02,129.6,-1.01,3.93,75.2,1
T2202,R&B,0.628,0.553,0.347,0.366,0.153,117.1,-6.09,3.17,48.6,0
T2203,Rock,0.744,0.981,0.828,0.102,0.02,121.4,-4.89,4.8,71.1,1
T2204,Acoustic,0.269,0.236,0.556,0.705,0.031,122.0,-10.84,3.09,0.0,0
T2205,Rock,0.495,0.99,0.605,0.041,0.033,115.2,-5.84,3.76,79.3,1
T2206,Acoustic,0.48,0.468,0.291,0.798,0.049,98.4,-12.29,3.09,23.1,0
T2207,Pop,0.77,0.605,0.459,0.086,0.02,119.2,-3.79,2.32,88.8,1
T2208,EDM,0.679,0.99,0.249,0.02,0.072,135.5,-4.38,3.97,71.1,1
T2209,Pop,0.745,0.661,0.683,0.02,0.095,126.1,-6.39,2.94,83.1,1
T2210,Pop,0.779,0.609,0.291,0.02,0.02,89.9,-6.5,3.77,77.8,1
T2211,Hip-Hop,0.99,0.633,0.409,0.335,0.138,74.2,-4.31,4.59,89.8,1
T2212,Acoustic,0.493,0.308,0.496,0.896,0.02,104.7,-10.06,3.07,23.0,0
T2213,Pop,0.688,0.76,0.543,0.133,0.077,115.3,-4.75,3.41,78.5,1
T2214,Pop,0.628,0.712,0.617,0.165,0.089,129.7,-7.41,4.53,74.3,1
T2215,EDM,0.612,0.99,0.423,0.02,0.02,155.9,-3.13,3.85,79.4,1
T2216,Rock,0.344,0.929,0.639,0.06,0.14,126.9,-8.7,4.44,64.9,0
T2217,Hip-Hop,0.83,0.609,0.601,0.029,0.265,117.2,-9.78,3.25,95.4,1
T2218,R&B,0.703,0.199,0.383,0.366,0.122,104.1,-6.34,3.77,36.0,0
T2219,Acoustic,0.661,0.26,0.146,0.823,0.056,128.7,-11.71,3.71,10.0,0
T2220,EDM,0.607,0.99,0.539,0.02,0.057,96.1,-5.27,3.63,83.2,1
T2221,Acoustic,0.486,0.116,0.652,0.922,0.068,118.1,-12.32,3.41,1.9,0
T2222,EDM,0.663,0.689,0.228,0.167,0.052,146.2,-6.59,4.59,43.5,0
T2223,Acoustic,0.371,0.374,0.368,0.779,0.121,113.0,-10.42,4.24,0.0,0
T2224,R&B,0.532,0.605,0.096,0.436,0.153,113.6,-8.85,3.77,33.7,0
T2225,R&B,0.574,0.536,0.634,0.272,0.052,101.2,-2.58,2.97,64.8,0
T2226,R&B,0.649,0.463,0.467,0.02,0.152,83.2,-7.78,4.95,37.2,0
T2227,Acoustic,0.449,0.361,0.526,0.99,0.02,107.3,-5.98,2.76,28.4,0
T2228,EDM,0.965,0.887,0.642,0.024,0.136,99.7,-2.31,3.38,93.1,1
T2229,Pop,0.614,0.707,0.415,0.204,0.037,103.9,-4.19,3.13,78.9,1
T2230,Rock,0.376,0.793,0.597,0.058,0.111,104.8,-5.86,4.38,51.0,0
T2231,R&B,0.747,0.656,0.208,0.149,0.08,122.5,-5.9,4.4,40.7,0
T2232,EDM,0.531,0.655,0.536,0.224,0.134,121.3,-4.13,3.81,62.1,0
T2233,R&B,0.742,0.49,0.517,0.168,0.074,104.1,-5.65,3.42,61.6,0
T2234,Rock,0.545,0.642,0.557,0.345,0.121,134.5,-2.22,3.76,72.4,1
T2235,Rock,0.475,0.824,0.618,0.026,0.02,139.1,-9.92,4.68,55.6,0
T2236,Pop,0.536,0.646,0.632,0.02,0.027,110.1,-8.96,2.4,67.4,0
T2237,Acoustic,0.417,0.461,0.288,0.744,0.02,127.7,-15.13,3.11,13.8,0
T2238,Hip-Hop,0.707,0.655,0.522,0.02,0.211,105.4,-5.81,4.54,81.7,1
T2239,R&B,0.68,0.602,0.378,0.422,0.051,79.0,-3.67,2.71,80.4,1
T2240,Acoustic,0.435,0.222,0.475,0.99,0.12,96.5,-16.56,3.85,16.1,0
T2241,Pop,0.801,0.502,0.252,0.286,0.062,90.1,-5.14,3.29,55.9,0
T2242,Hip-Hop,0.892,0.589,0.233,0.1,0.175,99.3,-3.23,5.14,92.0,1
T2243,Acoustic,0.33,0.279,0.447,0.85,0.063,109.8,-8.12,2.96,9.2,0
T2244,R&B,0.548,0.497,0.246,0.312,0.133,104.2,-3.61,3.76,65.1,0
T2245,Pop,0.685,0.781,0.19,0.02,0.084,113.4,-1.61,3.14,80.8,1
T2246,Pop,0.606,0.631,0.35,0.117,0.024,110.6,-7.81,3.82,75.6,1
T2247,Hip-Hop,0.719,0.833,0.473,0.317,0.153,92.6,-2.79,3.07,76.7,1
T2248,Acoustic,0.405,0.02,0.3,0.708,0.069,114.8,-11.67,3.81,0.0,0
T2249,Pop,0.586,0.696,0.686,0.366,0.02,118.0,-6.05,3.13,93.1,1
T2250,Acoustic,0.648,0.115,0.432,0.99,0.02,102.2,-11.96,3.35,12.0,0
T2251,R&B,0.557,0.454,0.603,0.294,0.121,96.1,-7.61,3.83,58.2,0
T2252,Pop,0.718,0.539,0.576,0.261,0.17,115.4,-3.27,3.37,57.5,0
T2253,Rock,0.702,0.877,0.493,0.111,0.147,115.4,-3.76,4.57,79.1,1
T2254,Acoustic,0.519,0.318,0.564,0.65,0.02,99.1,-10.92,3.43,6.9,0
T2255,Rock,0.51,0.828,0.566,0.056,0.155,128.2,-3.76,3.67,72.2,1
T2256,Hip-Hop,0.754,0.619,0.407,0.063,0.248,115.3,-6.03,3.21,65.7,0
T2257,Pop,0.611,0.572,0.556,0.064,0.02,126.1,-7.43,2.94,65.9,0
T2258,Rock,0.801,0.871,0.612,0.218,0.09,122.7,-8.35,3.75,66.7,0
T2259,Acoustic,0.542,0.301,0.661,0.773,0.027,141.1,-11.92,2.51,26.8,0
T2260,Rock,0.535,0.84,0.331,0.073,0.02,119.5,-4.99,3.94,65.2,0
T2261,Acoustic,0.425,0.669,0.376,0.86,0.107,106.8,-8.2,4.2,19.4,0
T2262,EDM,0.584,0.835,0.54,0.02,0.113,146.4,-2.47,3.65,78.9,1
T2263,Hip-Hop,0.805,0.599,0.764,0.02,0.259,115.2,-4.85,2.25,98.1,1
T2264,R&B,0.812,0.704,0.488,0.075,0.073,92.2,-4.95,3.04,67.6,0
T2265,Pop,0.746,0.645,0.526,0.199,0.082,135.0,-8.72,4.01,78.1,1
T2266,Pop,0.703,0.722,0.431,0.328,0.056,108.7,-5.68,2.22,71.0,1
T2267,Hip-Hop,0.665,0.414,0.396,0.162,0.172,121.5,-8.18,3.21,46.5,0
T2268,EDM,0.886,0.79,0.33,0.02,0.06,122.3,-3.75,3.33,55.4,0
T2269,Acoustic,0.621,0.274,0.102,0.676,0.105,115.6,-13.53,3.55,24.0,0
T2270,Acoustic,0.761,0.333,0.148,0.962,0.045,106.2,-10.1,4.02,28.2,0
T2271,Hip-Hop,0.826,0.377,0.575,0.163,0.236,101.2,-7.55,3.43,70.8,1
T2272,Rock,0.533,0.932,0.416,0.077,0.025,91.6,-2.91,4.22,59.8,0
T2273,Hip-Hop,0.898,0.705,0.719,0.113,0.189,101.6,-7.48,3.2,95.8,1
T2274,Acoustic,0.529,0.35,0.401,0.839,0.021,126.9,-8.24,4.26,17.5,0
T2275,R&B,0.779,0.543,0.35,0.163,0.134,71.7,-8.13,3.14,62.0,0
T2276,Pop,0.653,0.645,0.557,0.02,0.111,111.1,-3.07,2.43,85.0,1
T2277,Hip-Hop,0.833,0.68,0.299,0.02,0.247,113.0,-5.4,2.61,95.1,1
T2278,Rock,0.651,0.99,0.423,0.263,0.058,131.2,-6.13,3.73,57.0,0
T2279,Acoustic,0.481,0.239,0.646,0.808,0.049,94.3,-8.47,4.22,5.0,0
T2280,EDM,0.752,0.99,0.453,0.054,0.084,120.6,-3.95,3.94,81.8,1
T2281,Hip-Hop,0.716,0.733,0.668,0.2,0.16,100.9,-7.17,3.15,74.2,1
T2282,Pop,0.74,0.97,0.555,0.207,0.02,131.3,-2.2,4.66,100.0,1
T2283,R&B,0.618,0.864,0.392,0.338,0.033,99.3,-6.79,3.49,71.0,1
T2284,R&B,0.797,0.511,0.292,0.074,0.126,110.3,-2.66,3.86,79.4,1
T2285,Hip-Hop,0.699,0.811,0.648,0.109,0.213,122.2,-6.67,3.64,76.1,1
T2286,Pop,0.749,0.431,0.693,0.212,0.14,102.3,-4.24,3.09,89.3,1
T2287,EDM,0.355,0.943,0.597,0.074,0.086,120.9,-2.78,3.84,53.6,0
T2288,Rock,0.405,0.781,0.515,0.136,0.071,137.3,-7.39,3.62,55.9,0
T2289,Pop,0.677,0.597,0.778,0.327,0.02,116.2,-4.78,3.57,83.2,1
T2290,Rock,0.573,0.746,0.755,0.237,0.034,103.4,-1.89,3.23,89.5,1
T2291,Pop,0.749,0.467,0.249,0.336,0.063,98.5,-6.63,2.37,62.4,0
T2292,Pop,0.438,0.734,0.814,0.186,0.069,92.1,-1.44,3.49,86.8,1
T2293,Acoustic,0.408,0.235,0.263,0.838,0.02,103.8,-10.06,3.65,0.0,0
T2294,Hip-Hop,0.66,0.653,0.615,0.02,0.153,104.6,-5.64,2.57,68.7,0
T2295,Pop,0.744,0.723,0.668,0.202,0.06,110.0,-1.17,3.19,100.0,1
T2296,R&B,0.487,0.747,0.493,0.418,0.082,94.5,-5.48,3.06,44.2,0
T2297,Pop,0.73,0.84,0.831,0.119,0.076,114.3,-6.62,2.82,80.6,1
T2298,EDM,0.743,0.784,0.441,0.02,0.084,141.0,-1.66,4.28,69.1,0
T2299,Pop,0.599,0.661,0.749,0.065,0.13,118.4,0.0,3.46,100.0,1
T2300,Acoustic,0.323,0.419,0.461,0.831,0.136,119.8,-12.03,4.05,20.6,0
T2301,Acoustic,0.553,0.254,0.307,0.737,0.02,120.1,-9.07,2.63,16.9,0
T2302,R&B,0.772,0.642,0.384,0.345,0.038,113.6,-6.21,4.35,65.1,0
T2303,Hip-Hop,0.785,0.698,0.457,0.13,0.291,101.2,-6.38,1.92,67.1,0
T2304,Acoustic,0.41,0.362,0.505,0.822,0.02,130.7,-12.52,1.98,10.5,0
T2305,EDM,0.785,0.848,0.277,0.02,0.02,129.8,-3.8,3.25,98.6,1
T2306,Pop,0.643,0.586,0.657,0.2,0.02,114.9,-2.48,2.25,68.3,0
T2307,EDM,0.848,0.826,0.108,0.02,0.02,140.6,-1.7,3.63,88.7,1
T2308,Pop,0.606,0.657,0.662,0.166,0.02,131.6,-2.95,2.92,82.8,1
T2309,Pop,0.655,0.664,0.388,0.122,0.043,125.7,-3.68,3.38,75.0,1
T2310,EDM,0.701,0.912,0.438,0.089,0.115,154.9,-4.34,3.61,93.7,1
T2311,Acoustic,0.238,0.42,0.599,0.799,0.133,117.9,-11.33,3.83,14.3,0
T2312,Rock,0.753,0.885,0.54,0.13,0.126,150.9,-5.89,3.37,92.6,1
T2313,Acoustic,0.69,0.32,0.385,0.798,0.067,123.7,-8.17,2.34,22.7,0
T2314,R&B,0.646,0.648,0.477,0.177,0.095,95.5,-10.14,3.92,60.3,0
T2315,Acoustic,0.381,0.307,0.362,0.857,0.142,106.1,-9.43,3.61,0.0,0
T2316,Hip-Hop,0.876,0.887,0.887,0.2,0.121,113.0,-4.91,4.16,99.4,1
T2317,R&B,0.655,0.429,0.357,0.143,0.107,96.1,-9.76,3.11,48.7,0
T2318,R&B,0.569,0.53,0.618,0.314,0.106,101.6,-10.56,3.32,48.2,0
T2319,EDM,0.514,0.918,0.739,0.02,0.081,140.7,-4.51,3.83,72.4,1
T2320,Acoustic,0.413,0.381,0.439,0.884,0.053,134.1,-10.57,3.14,23.7,0
T2321,R&B,0.523,0.79,0.51,0.481,0.133,109.2,-7.64,4.55,51.4,0
T2322,Acoustic,0.454,0.248,0.37,0.857,0.057,92.2,-11.76,3.97,19.1,0
T2323,Pop,0.643,0.546,0.909,0.344,0.082,130.3,-5.18,3.9,69.6,0
T2324,EDM,0.725,0.928,0.75,0.172,0.041,137.3,-3.45,3.54,94.1,1
T2325,EDM,0.758,0.99,0.666,0.101,0.027,141.0,-2.88,4.27,100.0,1
T2326,R&B,0.857,0.479,0.451,0.251,0.136,94.9,-7.26,3.92,44.8,0
T2327,Rock,0.753,0.883,0.878,0.02,0.071,110.7,-8.87,3.38,74.0,1
T2328,EDM,0.786,0.99,0.575,0.02,0.144,120.2,-3.61,4.27,77.2,1
T2329,EDM,0.803,0.884,0.587,0.059,0.047,132.3,-3.84,3.02,90.0,1
T2330,Acoustic,0.389,0.29,0.25,0.673,0.02,134.8,-9.28,3.71,22.9,0
T2331,R&B,0.577,0.385,0.585,0.258,0.11,113.3,-6.87,2.5,33.2,0
T2332,Acoustic,0.523,0.192,0.444,0.725,0.048,97.4,-9.14,3.28,31.0,0
T2333,R&B,0.77,0.619,0.431,0.35,0.035,115.6,-6.34,4.43,51.1,0
T2334,Acoustic,0.505,0.342,0.394,0.757,0.109,105.6,-10.87,4.4,5.1,0
T2335,EDM,0.726,0.684,0.422,0.02,0.02,127.5,-1.49,2.59,66.1,0
T2336,EDM,0.561,0.948,0.24,0.358,0.09,122.6,-3.72,4.23,82.4,1
T2337,Rock,0.477,0.645,0.54,0.04,0.02,134.9,-5.19,3.85,45.3,0
T2338,Hip-Hop,0.727,0.654,0.623,0.301,0.251,66.3,-9.46,2.73,63.0,0
T2339,EDM,0.495,0.817,0.62,0.272,0.045,118.5,-1.92,3.22,68.6,0
T2340,Hip-Hop,0.917,0.652,0.747,0.118,0.196,87.5,-9.34,3.4,53.9,0
T2341,R&B,0.633,0.623,0.547,0.348,0.097,75.9,-4.48,4.27,67.7,0
T2342,R&B,0.577,0.614,0.582,0.155,0.136,93.8,-10.41,2.96,52.1,0
T2343,R&B,0.66,0.59,0.774,0.434,0.02,88.4,-7.59,3.97,77.9,1
T2344,Hip-Hop,0.748,0.631,0.332,0.023,0.199,96.5,-5.12,2.55,80.5,1
T2345,Rock,0.605,0.99,0.588,0.182,0.02,99.8,-5.0,4.18,77.1,1
T2346,Hip-Hop,0.688,0.688,0.492,0.15,0.198,108.9,-10.16,3.35,59.1,0
T2347,R&B,0.591,0.458,0.556,0.169,0.193,106.5,-7.88,3.84,61.3,0
T2348,EDM,0.718,0.986,0.734,0.199,0.054,128.6,-2.05,3.06,87.7,1
T2349,Acoustic,0.29,0.367,0.488,0.962,0.02,127.7,-11.22,3.66,1.3,0
T2350,Hip-Hop,0.822,0.464,0.456,0.268,0.231,106.8,-6.09,2.19,75.9,1
T2351,Pop,0.561,0.704,0.575,0.327,0.088,122.9,-4.68,3.45,67.7,0
T2352,Rock,0.462,0.868,0.206,0.225,0.126,139.5,-7.73,3.37,49.5,0
T2353,Hip-Hop,0.86,0.523,0.646,0.02,0.226,110.2,-8.63,3.44,82.8,1
T2354,R&B,0.561,0.601,0.887,0.18,0.203,89.6,-7.27,2.63,43.6,0
T2355,EDM,0.766,0.94,0.149,0.02,0.02,119.2,-5.82,3.95,74.5,1
T2356,Rock,0.568,0.698,0.804,0.07,0.11,141.1,-2.36,4.45,68.0,0
T2357,Rock,0.461,0.596,0.493,0.346,0.049,106.0,-6.82,3.83,63.0,0
T2358,Rock,0.584,0.804,0.337,0.13,0.027,121.2,-4.73,3.72,68.7,0
T2359,Pop,0.627,0.855,0.99,0.445,0.114,123.7,-0.59,3.17,72.0,1
T2360,Hip-Hop,0.768,0.471,0.665,0.02,0.239,83.9,-4.99,3.86,85.5,1
T2361,EDM,0.604,0.744,0.435,0.02,0.02,125.5,-5.4,3.31,73.2,1
T2362,Rock,0.444,0.817,0.592,0.149,0.02,137.6,-6.59,3.48,52.4,0
T2363,Hip-Hop,0.813,0.837,0.566,0.121,0.287,96.8,-4.29,2.97,82.0,1
T2364,EDM,0.512,0.764,0.686,0.245,0.101,111.8,-2.67,2.77,47.5,0
T2365,Acoustic,0.538,0.313,0.353,0.934,0.119,102.9,-9.76,3.67,22.6,0
T2366,R&B,0.829,0.526,0.744,0.4,0.088,103.7,-9.75,2.32,76.6,1
T2367,Rock,0.396,0.853,0.592,0.078,0.024,124.1,-6.06,4.03,48.8,0
T2368,EDM,0.77,0.859,0.518,0.062,0.083,126.5,-8.3,4.65,75.6,1
T2369,Hip-Hop,0.907,0.771,0.567,0.101,0.163,106.7,-4.02,2.83,70.1,1
T2370,Rock,0.521,0.712,0.632,0.221,0.088,128.7,-8.04,3.65,70.2,1
T2371,EDM,0.509,0.745,0.548,0.15,0.061,129.9,-2.97,3.95,79.4,1
T2372,EDM,0.892,0.853,0.418,0.054,0.071,127.3,-2.25,4.4,82.5,1
T2373,Pop,0.764,0.672,0.291,0.164,0.085,97.1,-3.84,4.03,76.1,1
T2374,EDM,0.662,0.502,0.708,0.129,0.083,145.5,-5.05,3.83,60.7,0
T2375,Hip-Hop,0.955,0.31,0.615,0.17,0.163,99.9,-7.98,1.93,59.0,0
T2376,Hip-Hop,0.99,0.666,0.431,0.182,0.197,103.8,-4.67,4.17,69.0,0
T2377,Rock,0.701,0.99,0.554,0.11,0.02,119.8,-0.14,5.01,87.9,1
T2378,Rock,0.461,0.718,0.67,0.02,0.095,117.4,-6.85,4.37,43.0,0
T2379,Rock,0.561,0.92,0.595,0.167,0.05,101.8,0.0,3.3,100.0,1
T2380,EDM,0.825,0.692,0.349,0.158,0.107,126.9,-3.85,3.14,77.9,1
T2381,Pop,0.757,0.564,0.855,0.02,0.092,117.5,-3.89,3.44,81.7,1
T2382,Pop,0.558,0.688,0.552,0.071,0.138,111.8,-4.27,3.19,92.6,1
T2383,Rock,0.34,0.714,0.63,0.276,0.086,112.2,-5.88,4.4,49.8,0
T2384,Pop,0.802,0.662,0.681,0.143,0.032,100.3,-4.67,4.14,79.3,1
T2385,Rock,0.608,0.881,0.445,0.02,0.097,134.9,-7.26,4.92,63.7,0
T2386,Pop,0.559,0.726,0.595,0.334,0.073,127.0,-5.13,3.12,89.7,1
T2387,Hip-Hop,0.756,0.749,0.638,0.082,0.17,83.2,-4.37,2.21,83.5,1
T2388,Pop,0.688,0.478,0.513,0.129,0.106,99.3,-3.78,4.05,82.9,1
T2389,Hip-Hop,0.733,0.548,0.589,0.02,0.115,109.1,-6.14,3.71,72.4,1
T2390,Hip-Hop,0.883,0.635,0.31,0.031,0.293,97.0,-5.5,3.29,79.0,1
T2391,Hip-Hop,0.846,0.873,0.472,0.168,0.224,105.1,-6.15,4.23,84.7,1
T2392,R&B,0.732,0.544,0.333,0.164,0.118,83.6,-8.83,3.05,51.2,0
T2393,Rock,0.5,0.665,0.743,0.02,0.05,111.5,-5.96,3.23,61.7,0
T2394,EDM,0.711,0.99,0.574,0.02,0.02,118.9,-2.55,4.82,90.8,1
T2395,R&B,0.748,0.641,0.195,0.283,0.097,114.1,-8.02,3.13,51.2,0
T2396,Acoustic,0.55,0.406,0.478,0.782,0.044,136.1,-9.41,3.69,25.1,0
T2397,Hip-Hop,0.749,0.667,0.399,0.159,0.29,95.8,-7.08,2.8,73.6,1
T2398,Pop,0.798,0.488,0.718,0.02,0.02,132.3,-6.57,3.62,75.9,1
T2399,Pop,0.771,0.684,0.644,0.03,0.083,109.9,-7.7,4.02,79.1,1
T2400,R&B,0.519,0.49,0.219,0.32,0.04,107.5,-7.63,3.19,34.7,0
T2401,Rock,0.504,0.785,0.511,0.173,0.131,135.0,-3.71,3.94,72.7,1
T2402,Hip-Hop,0.701,0.739,0.637,0.112,0.244,91.7,-1.93,3.23,100.0,1
T2403,Hip-Hop,0.717,0.502,0.37,0.1,0.235,88.5,-6.1,2.53,75.9,1
T2404,Pop,0.585,0.732,0.531,0.104,0.02,98.9,-7.09,3.05,69.8,0
T2405,EDM,0.99,0.852,0.429,0.039,0.04,140.5,-3.32,3.35,83.2,1
T2406,Pop,0.779,0.615,0.604,0.059,0.086,126.0,-4.5,4.0,89.4,1
T2407,EDM,0.736,0.971,0.598,0.08,0.04,150.2,-6.14,4.71,92.3,1
T2408,Rock,0.505,0.82,0.64,0.02,0.079,123.3,-0.36,3.53,69.5,0
T2409,Rock,0.46,0.851,0.586,0.02,0.12,119.8,-1.17,4.6,58.0,0
T2410,Hip-Hop,0.809,0.615,0.673,0.02,0.261,94.4,-6.19,3.67,77.4,1
T2411,EDM,0.793,0.825,0.618,0.137,0.095,129.5,-6.82,4.3,85.1,1
T2412,Pop,0.739,0.526,0.644,0.075,0.02,111.0,-4.97,4.03,97.6,1
T2413,Rock,0.375,0.674,0.233,0.084,0.02,118.8,-5.35,4.39,59.5,0
T2414,R&B,0.384,0.715,0.418,0.02,0.082,63.0,-4.11,3.56,61.0,0
T2415,Hip-Hop,0.738,0.744,0.638,0.091,0.289,111.5,-10.71,3.55,49.8,0
T2416,Acoustic,0.425,0.236,0.325,0.766,0.02,115.0,-11.42,3.23,15.8,0
T2417,EDM,0.735,0.742,0.608,0.02,0.094,105.6,-6.96,4.1,83.8,1
T2418,Pop,0.72,0.873,0.378,0.218,0.09,120.8,-3.9,3.22,100.0,1
T2419,Rock,0.598,0.744,0.138,0.079,0.02,116.8,-5.13,4.35,59.2,0
T2420,Pop,0.875,0.573,0.556,0.106,0.098,123.3,-4.91,3.74,65.8,0
T2421,Pop,0.64,0.852,0.377,0.15,0.088,108.7,-4.23,3.99,93.9,1
T2422,EDM,0.601,0.881,0.793,0.02,0.02,139.9,-5.08,4.29,80.1,1
T2423,Hip-Hop,0.797,0.509,0.518,0.206,0.154,99.4,-0.29,3.68,83.7,1
T2424,EDM,0.671,0.841,0.774,0.137,0.131,146.6,-2.86,3.78,90.0,1
T2425,R&B,0.674,0.716,0.443,0.13,0.044,102.0,-8.52,3.31,63.4,0
T2426,Hip-Hop,0.861,0.685,0.722,0.02,0.198,104.7,-3.75,3.43,73.9,1
T2427,Acoustic,0.791,0.02,0.459,0.813,0.036,111.0,-9.55,3.72,12.5,0
T2428,Rock,0.613,0.927,0.505,0.257,0.073,127.5,-5.17,3.35,57.1,0
T2429,Rock,0.602,0.785,0.573,0.192,0.049,127.0,-5.81,4.06,100.0,1
T2430,Acoustic,0.437,0.365,0.339,0.736,0.02,119.0,-9.9,3.33,15.3,0
T2431,R&B,0.649,0.585,0.413,0.33,0.156,108.5,-5.83,2.95,59.1,0
T2432,Pop,0.715,0.627,0.608,0.047,0.03,94.9,-4.61,4.96,71.6,1
T2433,Pop,0.788,0.808,0.684,0.137,0.098,121.4,-4.57,3.48,72.5,1
T2434,EDM,0.496,0.86,0.414,0.02,0.02,122.7,-1.23,3.11,73.3,1
T2435,Hip-Hop,0.99,0.676,0.222,0.046,0.278,107.7,-1.69,3.81,89.5,1
T2436,Acoustic,0.65,0.603,0.474,0.799,0.02,98.5,-7.7,3.43,27.9,0
T2437,Acoustic,0.416,0.313,0.649,0.599,0.024,104.6,-9.85,2.84,20.4,0
T2438,Pop,0.709,0.4,0.559,0.126,0.111,99.1,-1.45,2.47,56.4,0
T2439,Acoustic,0.371,0.288,0.356,0.898,0.043,109.9,-13.58,3.72,4.1,0
T2440,Rock,0.401,0.938,0.401,0.341,0.124,124.5,-2.92,4.36,71.7,1
T2441,Hip-Hop,0.827,0.978,0.484,0.02,0.173,122.1,-8.83,3.81,79.5,1
T2442,Acoustic,0.47,0.349,0.425,0.909,0.026,87.1,-13.71,4.54,0.0,0
T2443,EDM,0.75,0.813,0.459,0.065,0.046,119.3,-3.11,3.76,69.9,0
T2444,Pop,0.71,0.72,0.702,0.092,0.02,118.1,-6.89,2.87,92.4,1
T2445,Pop,0.844,0.558,0.373,0.224,0.02,118.9,-2.41,1.97,81.3,1
T2446,Pop,0.687,0.646,0.769,0.153,0.093,81.4,-7.09,3.17,53.5,0
T2447,Hip-Hop,0.794,0.652,0.429,0.149,0.238,80.5,-7.33,3.51,88.4,1
T2448,Hip-Hop,0.846,0.478,0.668,0.449,0.32,100.2,-8.46,2.57,75.0,1
T2449,R&B,0.621,0.414,0.442,0.264,0.087,113.9,-8.59,3.63,48.0,0
T2450,Pop,0.822,0.586,0.529,0.363,0.186,103.4,-5.19,3.57,64.9,0
T2451,EDM,0.648,0.99,0.55,0.178,0.104,110.5,-1.8,4.48,67.1,0
T2452,Pop,0.7,0.405,0.279,0.206,0.073,124.9,-7.55,1.97,46.9,0
T2453,EDM,0.676,0.975,0.584,0.035,0.119,141.1,-2.86,3.66,80.9,1
T2454,R&B,0.355,0.576,0.369,0.211,0.183,92.3,-10.21,3.01,30.1,0
T2455,EDM,0.703,0.99,0.135,0.02,0.053,132.0,-1.87,4.13,92.9,1
T2456,R&B,0.551,0.603,0.516,0.196,0.02,88.5,-10.23,2.47,45.8,0
T2457,Hip-Hop,0.876,0.768,0.65,0.02,0.145,100.8,-5.63,4.01,77.4,1
T2458,Acoustic,0.294,0.396,0.525,0.776,0.115,100.9,-12.24,2.92,24.4,0
T2459,EDM,0.533,0.904,0.585,0.255,0.053,124.4,-5.39,4.3,61.9,0
T2460,Rock,0.658,0.97,0.131,0.21,0.108,138.4,-7.43,4.06,80.5,1
T2461,Pop,0.902,0.736,0.122,0.274,0.02,130.2,-4.58,4.49,86.0,1
T2462,Rock,0.438,0.724,0.506,0.15,0.028,116.4,-4.8,4.97,61.2,0
T2463,EDM,0.719,0.915,0.692,0.043,0.03,133.7,-3.24,3.28,88.9,1
T2464,Hip-Hop,0.894,0.609,0.578,0.02,0.156,98.8,-8.38,3.64,73.9,1
T2465,Rock,0.746,0.86,0.754,0.268,0.095,136.8,-6.57,3.66,67.4,0
T2466,Hip-Hop,0.92,0.647,0.473,0.168,0.281,99.9,-9.23,2.88,58.6,0
T2467,EDM,0.73,0.796,0.26,0.02,0.021,145.7,-0.65,3.74,95.7,1
T2468,EDM,0.747,0.753,0.471,0.02,0.101,128.5,-2.87,4.02,61.3,0
T2469,Pop,0.91,0.711,0.485,0.128,0.119,114.4,-5.6,3.86,80.0,1
T2470,Pop,0.645,0.717,0.547,0.02,0.02,118.6,-4.81,2.93,93.2,1
T2471,Acoustic,0.6,0.435,0.533,0.798,0.049,101.2,-9.32,3.89,6.7,0
T2472,Hip-Hop,0.575,0.733,0.458,0.167,0.201,79.1,-8.76,3.59,49.8,0
T2473,R&B,0.765,0.408,0.398,0.408,0.151,88.0,-7.55,2.88,57.5,0
T2474,Pop,0.636,0.618,0.78,0.153,0.034,126.8,-5.36,3.41,87.3,1
T2475,Rock,0.389,0.696,0.593,0.02,0.119,143.2,-3.29,2.3,81.4,1
T2476,R&B,0.582,0.492,0.206,0.331,0.047,98.0,-10.07,4.3,40.2,0
T2477,Hip-Hop,0.825,0.68,0.396,0.02,0.128,87.1,-5.5,4.02,71.1,1
T2478,EDM,0.715,0.925,0.661,0.02,0.02,131.6,-5.63,4.55,64.3,0
T2479,Acoustic,0.501,0.48,0.463,0.752,0.029,110.0,-12.14,2.7,20.5,0
T2480,Hip-Hop,0.741,0.773,0.31,0.156,0.313,118.6,-5.46,3.46,85.0,1
T2481,EDM,0.553,0.99,0.361,0.226,0.151,130.5,-0.42,4.04,56.6,0
T2482,Acoustic,0.415,0.262,0.473,0.842,0.126,92.1,-10.56,4.02,19.3,0
T2483,Pop,0.677,0.664,0.827,0.078,0.049,116.9,-3.47,2.74,73.1,1
T2484,Rock,0.54,0.723,0.504,0.039,0.021,133.5,-9.43,3.42,42.2,0
T2485,R&B,0.723,0.646,0.656,0.122,0.052,88.2,-8.45,4.76,52.4,0
T2486,Acoustic,0.62,0.315,0.528,0.64,0.031,104.9,-11.72,2.6,0.0,0
T2487,Pop,0.721,0.78,0.673,0.215,0.136,121.0,-7.22,4.28,70.8,1
T2488,Acoustic,0.607,0.28,0.449,0.914,0.061,98.3,-9.99,2.91,20.9,0
T2489,Hip-Hop,0.71,0.469,0.306,0.063,0.334,102.2,-3.79,2.26,68.7,0
T2490,R&B,0.553,0.614,0.317,0.352,0.121,98.6,-10.64,4.17,48.4,0
T2491,Hip-Hop,0.881,0.71,0.507,0.215,0.24,97.2,-6.91,3.49,68.5,0
T2492,Pop,0.74,0.719,0.652,0.132,0.054,101.2,-3.68,2.8,84.0,1
T2493,Rock,0.481,0.99,0.549,0.16,0.075,109.6,-9.64,4.57,51.0,0
T2494,Rock,0.506,0.849,0.573,0.177,0.103,124.8,-7.5,2.6,82.2,1
T2495,R&B,0.491,0.614,0.603,0.385,0.02,104.8,-10.32,4.13,49.8,0
T2496,R&B,0.745,0.571,0.564,0.247,0.1,93.5,-4.38,4.19,56.8,0
T2497,Rock,0.454,0.672,0.319,0.036,0.02,91.7,-8.84,3.5,53.9,0
T2498,Acoustic,0.503,0.298,0.381,0.712,0.027,109.4,-9.76,3.92,6.9,0
T2499,R&B,0.621,0.479,0.679,0.184,0.109,104.1,-8.7,3.5,69.0,0
